Part Number,Description,Category,Reference Image,Icon
1006387-3,"Panel, Control, Pre-drilled",Panel Hardware,,
1006616-13,"Panel, Cabinet Door, Solid",Panel Hardware,,
1006616-14,"Panel, Cabinet Door, Solid",Panel Hardware,,
1006616-15,"Panel, Cabinet Door, Solid",Panel Hardware,,
1006616-16,"Panel, Cabinet Door, Solid",Panel Hardware,,
1006616-19,"Panel, Cabinet Door, Solid",Panel Hardware,,
1006616-2,"Panel, Cabinet Door, Solid",Panel Hardware,,
1006616-30-P4,"Panel, Cabinet Door, Solid",Panel Hardware,,
1006616-5,"Panel, Cabinet Door, Solid",Panel Hardware,,
1006616-9,"Panel, Cabinet Door, Solid",Panel Hardware,,
1006616-90,"Panel, Cabinet Door, Solid",Panel Hardware,,
1006914-1201,"Kit, Instl, Jumper, W/ferrule",Wire Ferrules,,/icons/gray-ferrule.svg
1007114,"Lug, Terminal, 14 Awg, 16 Awg",Ring Terminals,,/icons/red-lug.svg
1007301-52,"Module, Controller",Control Modules,,
1008004-6,"Cable, Armored, Single",Cable Management,,
1008005-1,"Cable, Shielded, Armored",Cable Management,,
1008156,"Ferrule, Tube, Front, 0.38",Wire Ferrules,,/icons/gray-ferrule.svg
1008157,"Ferrule, Tube, Front, 0.50",Wire Ferrules,,/icons/gray-ferrule.svg
1008161,"Ferrule, Tube, Back, 0.38",Wire Ferrules,,/icons/gray-ferrule.svg
1008162,"Ferrule, Tube, Back, 0.50",Wire Ferrules,,/icons/gray-ferrule.svg
1009348-1,"Clamp, Split Flange, Pipe",Cable Management,,
1011067-2,"Busbar, 8.6614173228346 In",Grounding & Busbars,,/icons/busbar.svg
1011067-3,"Busbar, 10.511811023622 In",Grounding & Busbars,,/icons/busbar.svg
1011205-201,"Panel, Control, Pre-drilled",Panel Hardware,,
1011842-100,"Relay, 3pst",Control Relays,,
1012467-1,"Clamp, Split Flange, Pipe",Cable Management,,
1013003,"Clamp, Cushion, Pipe",Cable Management,,
1013993,"Clamp, Cushion, Pipe",Cable Management,,
1014215-5,"Module, Communication, Dh+",Control Modules,,
1014333-11,"Wire, 18 Awg, Red, White, Black",Cable Management,,
1014450-3Z831,"Panel, Cabinet Door, Fire System",Panel Hardware,,
1015162-1,"Wire, 22 Awg, White, Stranded",Cable Management,,
1015162-13,"Wire, 14 Awg, White, Stranded",Cable Management,,
1015162-25,"Wire, 6 Awg, White, Stranded",Cable Management,,
1015162-28,"Wire, 4 Awg, White, Stranded",Cable Management,,
1015162-54,"Wire, 16 Awg, Green",Cable Management,,
1015162-55,"Wire, 14 Awg, Green",Cable Management,,
1015162-56,"Wire, 12 Awg, Green",Cable Management,,
1015162-57,"Wire, 8 Awg, Green",Cable Management,,
1016710-7,"Cable, Shielded",Cable Management,,
1017457,"Clamp, V",Cable Management,,
1019711,"Box, Pull, 3-way",Panel Hardware,,
1020036-1,"Panel, Cabinet Door, Meter",Panel Hardware,,
1020213-2,Fuse,Circuit Protection,,
1020213-5,Fuse,Circuit Protection,,
1020327-1,"Panel, Control, Pre-drilled",Panel Hardware,,
1020459,"Box, Pull, 2-way",Panel Hardware,,
1020499-2,"Box, Junction, Ep, Npt",Panel Hardware,,
1021463,"Insert, 8-32unc-2b X 0.305 In",Panel Hardware,,
1021464,"Insert, 10-24unc-2b X 0.315 In",Panel Hardware,,
1021466,"Insert, 0.25-20unc-2b X 0.58 In",Panel Hardware,,
1021502,"RELAY, LOCKOUT WITH MANUAL RESET",Control Relays,,
1022220,"Box, Pull, 3-way",Panel Hardware,,
1022279-10,"Duct, Wire, 1 In X 2 In, Gray",Cable Management,,
1022279-11,"Duct, Wire, 1.5 In X 2 In, Gray",Cable Management,,
1022279-12,"Duct, Wire, 2 In X 2 In, Gray",Cable Management,,
1022279-13,PANDUCT 1X3,Wire Duct & Panduit,,/icons/strip.svg
1022279-15,"Duct, Wire, 3 In X 3 In, Gray",Cable Management,,
1022279-16,PANDUCT 2X4,Wire Duct & Panduit,/panducts/1022279-16.png,/icons/strip.svg
1022279-17,PANDUCT 3X4,Wire Duct & Panduit,,/icons/strip.svg
1022279-18,"Duct, Wire, 4 In X 4 In, Gray",Cable Management,,
1022279-19,"Duct, Wire, 3 In X 4 In, Blue",Cable Management,,
1022279-20,"Duct, Wire, 3 In X 3 In, Blue",Cable Management,,
1022279-21,"Duct, Wire, 2 In X 3 In, Blue",Cable Management,,
1022279-214,PANDUCT 2X3,Wire Duct & Panduit,,/icons/strip.svg
1022279-23,PANDUCT 2X5,Wire Duct & Panduit,,/icons/strip.svg
1022279-24,PANDUCT 3X5,Wire Duct & Panduit,,/icons/strip.svg
1022279-25,PANDUCT 4X5,Wire Duct & Panduit,,/icons/strip.svg
1022279-26,"Duct, Wire, 4 In X 4 In, Blue",Cable Management,,
1022279-27,PANDUCT 1X4,Wire Duct & Panduit,,/icons/strip.svg
1022279-3,"Cover, Duct, Wire, 3 In, Gray",Cable Management,,
1022279-4,"Cover, Duct, Wire, 4 In, Gray",Cable Management,,
1022279-5,"Cover, Duct, Wire, 1.5 In, Gray",Cable Management,,
1022279-6,"Cover, Duct, Wire, 3 In, Blue",Cable Management,,
1022279-7,"Cover, Duct, Wire, 2 In, Blue",Cable Management,,
1022279-8,"Cover, Duct, Wire, 4 In, Blue",Cable Management,,
1022279-9,"Cover, Duct, Wire, 1 In, Blue",Cable Management,,
1022364,"Box, Pull, 2-way",Panel Hardware,,
1022425,"Box, Pull, 2-way",Panel Hardware,,
1022941-2,"Cable, Shielded, Pair",Cable Management,,
1022941-33,"Wire, 12 Awg, Black, Red, White",Cable Management,,
1024171,"Ferrule, Tube, Front, 1.25",Wire Ferrules,,/icons/gray-ferrule.svg
1024172,"Ferrule, Tube, Back, 1.25",Wire Ferrules,,/icons/gray-ferrule.svg
1024467-22,"Cable, Series, M-f",Cable Management,,
1024781-1,Resistor,Passive Components,,
1027105-30,"Funnel, Manual Fill",Unknown,,
1027127-D3010,"Box, Pull",Panel Hardware,,
1030710-110,"Cable, Coaxial, Bnc",Cable Management,,
1030710-170,"Cable, Coaxial",Cable Management,,
1030710-220,"Cable, Communication, Controlnet",Cable Management,,
1031741-1,"Relay, Sync Check",Control Relays,,
1031741-2,"Relay, Sync Check",Control Relays,,
1031741-3,"Relay, Sync Check",Control Relays,,
1031741-6,"Relay, Sync Check",Control Relays,,
1032702-1,"Block, Terminal Conductors, 28",Terminal Blocks & Accessories,,/icons/screw-terminals.svg
1032717-2,"Endstop, Terminal Block",Terminal Blocks & Accessories,,/icons/screw-terminals.svg
1034347-3,"Cable, Accelerometer, 16.0 Ft",Cable Management,,
1034549-70N2,"Module, Vib, Axial Position, Bn",Control Modules,,
1035040-106,"LIGHTED SWITCH, BACKUP SYSTEM ACTIVE/RESET, AMBER",Operator Controls,,
1035040-108,"LIGHTED SWITCH, STOP/STOPPING, RED",Operator Controls,,
1035040-119,"PUSHBUTTON SWITCH, HORN SILENCE",Operator Controls,,
1035040-1652,"SELECTOR SWITCH, SPEED/LOAD",Operator Controls,,
1035040-32,"PUSHBUTTON SWITCH, EMERGENCY STOP",Operator Controls,,
1035040-855,"PUSHBUTTON SWITCH, ACKNOWLEDGE",Operator Controls,,
1035040-856,"PUSHBUTTON SWITCH, RESET",Operator Controls,,
1035040-857,"LIGHTED SWITCH, START/STARTING, GREEN",Operator Controls,,
1035040-862,"SELECTOR SWITCH, OFF/LOCAL/AUXILIARY",Operator Controls,,
1035764-100,"Box, Electrical",Panel Hardware,,
1037479-10,"Cable, Coaxial",Cable Management,,
1037695-100,"Box Assy, Nema4x, Power",Panel Hardware,,
1038124-20,"Module, Plc5, Communication",Control Modules,,
1038124-200,"Cable, Communication, Extension",Cable Management,,
1038124-63,"Module, Vib, Management, Bn 3500",Control Modules,,
1038124-82,"Module, Vib, Management, Bn 3500",Control Modules,,
1038124-96,"Module, Vib, Filler, Bn 3500",Control Modules,,
1040131-1,"Cable, Communication, Ethernet",Cable Management,,
1040131-17,"Cable, Communication, Ethernet",Cable Management,,
1040131-6,Cable,Cable Management,,
1040131-7,"Cable, Communication, Ethernet",Cable Management,,
1040131-9,"Cable, Communication, Ethernet",Cable Management,,
1041158-1,"Cable, Shieled, Pair",Cable Management,,
1041700-1,"Box, Electrical, Ep",Panel Hardware,,
1041972,"Ferrule, Tube, Front, 0.1875",Wire Ferrules,,/icons/gray-ferrule.svg
1041973,"Ferrule, Tube, Back, 0.187",Wire Ferrules,,/icons/gray-ferrule.svg
1042510-2,"Punch, Arc, .75""",Unknown,,
1043265-1,"FUSE, 2A",Circuit Protection,/devices/1043265-1.png,
1043265-3,"FUSE, 2A",Circuit Protection,/fuses/1043265-3.png,
1043265-4,"FUSE, 5A",Circuit Protection,/fuses/1043265-4.png,
1043265-5,"FUSE, 10A",Circuit Protection,/fuses/1043265-5.png,
1043265-6,"FUSE, 15A",Circuit Protection,/fuses/1043265-6.png,
1043265-7,"FUSE, 20A",Circuit Protection,/fuses/1043265-7.png,
1043265-9,"FUSE, 30A",Circuit Protection,,
1043624-101,"Box Assy, Ep, Exciter",Panel Hardware,,
1043695-2,Terminal,Terminal Blocks & Accessories,,/icons/screw-terminals.svg
1044203,"Clippers, Straight Edge",Unknown,,
1046415-14,"Module, Communication, Dh+",Control Modules,,
1046415-16,"Module, Communication, Ethernet",Control Modules,,
1046415-17,"Module, Communication, Ethernet",Control Modules,,
1046415-22,"Module, Filler",Control Modules,,
1046415-23,"Module, Communication, Modbus",Control Modules,,
1046415-27,"Cable, Communication, Controlnet",Cable Management,,
1046415-40,"Cable, Armored",Cable Management,,
1046415-41,"Module, Communication, Ethernet",Control Modules,,
1046415-47,"Cable, Coaxial, D-type",Cable Management,,
1046415-52,"Cable, Power Supply, Armored",Cable Management,,
1046415-55,"Module, Communication",Control Modules,,
1046415-58,"Module, Controller, Controlnet",Control Modules,,
1046415-59,"Module, Controller, Controlnet",Control Modules,,
1046415-61,"Module, Communication, Dh+",Control Modules,,
1046415-62,"Module, Communication",Control Modules,,
1046415-65,"Module, Communication",Control Modules,,
1046415-67,"Module, Communication, Dh+",Control Modules,,
1046659-1,"Box Assy, Nema4",Panel Hardware,,
1047273-2,"KEYBOARD, TYPING INTERFACE",HMI & Operator Interface,,
1049089-2,"Module, Communication, Hart",Control Modules,,
1049909-101,"Box, Junction, Ep, Rectangular",Panel Hardware,,
1050440-1,"Lug, Lifting, For C4 X 7.25 Chan",Ring Terminals,,/icons/red-lug.svg
1050440-2,"Lug, Lifting",Ring Terminals,,/icons/red-lug.svg
1050827-205,"Panel Assy, Turbine Control",Panel Hardware,,
1051199-21,"Fuse, 0.160 A, 26 V",Circuit Protection,,
1051502,"Nut Plate, Float, 2 Lug",Ring Terminals,,/icons/red-lug.svg
1051931-1,"Module, Flex, Dry Contact",Control Modules,,
1051931-10,"Module, Flex, Fast Analog, 4 Out",Control Modules,,
1051931-11,"Module, Flex, Speed, 2 Inp",Control Modules,,
1051931-12,"Module, Flex, Discrete, 8 Out",Control Modules,,
1051931-13,"Module, Flex, Discrete, 10 Inp/6",Control Modules,,
1051931-14,"Module, Flex, Discrete, 16 Out",Control Modules,,
1051931-15,"Module, Flex, Fast Rtd/tc, 8 Inp",Control Modules,,
1051931-16,"Base, Screw",Terminal Blocks & Accessories,,/icons/screw-terminals.svg
1051931-17,"Base, Spring",Terminal Blocks & Accessories,,/icons/screw-terminals.svg
1051931-18,"Base, Temperature, Screw",Terminal Blocks & Accessories,,/icons/screw-terminals.svg
1051931-19,"Base, Temperature, Spring",Terminal Blocks & Accessories,,/icons/screw-terminals.svg
1051931-20,"Base, Generic, Screw",Terminal Blocks & Accessories,,/icons/screw-terminals.svg
1051931-21,"Base, Generic, Spring",Terminal Blocks & Accessories,,/icons/screw-terminals.svg
1051931-27,"Module, Controller, Controlnet",Control Modules,,
1051931-28,"Module, Flex, Fast Rtd/tc, 8 Inp",Control Modules,,
1051931-3,"Module, Flex, Analog, 4 Inp/2 Out",Control Modules,,
1051931-30,"Module, Flex, Fast Rtd/tc, 8 Inp",Control Modules,,
1051931-31,"Module, Flex, Adapter",Control Modules,,
1051931-32,"Module, Flex, Fast Rtd/tc, 8 Inp",Control Modules,,
1051931-33,"Module, Flex, Fast Rtd/tc, 8 Inp",Control Modules,,
1051931-4,"Module, Flex, Analog, 8 Inp",Control Modules,,
1051931-5,"Module, Flex, Discrete, 16 Inp",Control Modules,,
1051931-51,"Module, Flex, Dry Contact",Control Modules,,
1051931-55,"Module, Flex, Discrete, 16 Inp",Control Modules,,
1051931-62,"Module, Flex, Discrete, 8 Out",Control Modules,,
1051931-64,"Module, Flex, Discrete, 16 Out",Control Modules,,
1051931-7,"Module, Flex, 8 Inp",Control Modules,,
1051931-9,"Module, Flex, Fast Analog, 4 Inp",Control Modules,,
1052124-11,"Box, Electrical",Panel Hardware,,
1052124-23,"Box, Electrical",Panel Hardware,,
1052135-2,"Box, Electrical",Panel Hardware,,
1052138-1,"Box, Junction",Panel Hardware,,
1052138-11,"Box, Junction",Panel Hardware,,
1052138-12,"Box, Junction",Panel Hardware,,
1052138-2,"Box, Junction",Panel Hardware,,
1052138-21,"Box, Junction",Panel Hardware,,
1052138-3,"Box, Junction",Panel Hardware,,
1052138-4,"Box, Junction",Panel Hardware,,
1052138-7,"Box, Junction",Panel Hardware,,
1052138-8,"Box, Junction",Panel Hardware,,
1052344-2,"JUMPER, TERMINAL BLOCK, BASE, 2",Terminal Blocks & Accessories,,/icons/screw-terminals.svg
1052344-5,"Screwdriver, Relay",Unknown,,
1052994-1,"Box, Junction, Rectangular",Panel Hardware,,
1052994-2,"Box, Junction, Nema4x",Panel Hardware,,
1052994-3,"Box, Junction, Nema4x",Panel Hardware,,
1052994-4,"Box, Junction, Nema4x",Panel Hardware,,
1052994-5,"Box, Junction, Nema4x",Panel Hardware,,
1052994-6,"Box, Junction, Nema4x",Panel Hardware,,
1052994-7,"Box, Junction, Nema4x",Panel Hardware,,
1052994-8,"Box, Junction, Nema4x",Panel Hardware,,
1052994-9A131,"Box, Junction",Panel Hardware,,
1052995-1,"Box, Junction, Nema4x",Panel Hardware,,
1052995-4,"Box, Junction, Nema4x",Panel Hardware,,
1052995-5,"Box, Junction, Nema4x",Panel Hardware,,
1052996-1,"Box, Junction, Nema4x",Panel Hardware,,
1052996-2,"Box, Junction, Nema4x",Panel Hardware,,
1052996-3,"Box, Junction, Nema4x",Panel Hardware,,
1052996-7,"Box, Junction, Nema4x",Panel Hardware,,
1052998-1,"Box, Junction, Nema4x",Panel Hardware,,
1052998-3,"Box, Junction, Nema4x",Panel Hardware,,
1053002-1,"Box, Electrical, Nema4x",Panel Hardware,,
1053002-2,"Box, Junction, Nema4x",Panel Hardware,,
1053002-3,"Box, Junction, Nema4x",Panel Hardware,,
1053002-4,"Box, Junction, Nema4x",Panel Hardware,,
1053002-5,"Box, Junction, Nema4x",Panel Hardware,,
1053002-7,"Box, Junction, Nema4x",Panel Hardware,,
1053010-2,"Box, Junction, Nema4x",Panel Hardware,,
1053010-3,"Box, Junction, Nema4x",Panel Hardware,,
1053010-4,"Box, Junction, Nema4x",Panel Hardware,,
1053011-3,"Box, Junction, Nema4x",Panel Hardware,,
1053011-4,"Box, Electrical",Panel Hardware,,
1053014-1,"Box, Junction, Nema4x",Panel Hardware,,
1053015-1,"Box, Junction, Nema4x",Panel Hardware,,
1053038-1,"Isolator, Discreet Input",Signal Conditioning,,
1053038-11,"Isolator, Rtd",Signal Conditioning,,
1053038-13,"Isolator, Rtd",Signal Conditioning,,
1053038-14,"Isolator, Rtd",Signal Conditioning,,
1053038-15,"Isolator, Thermocouple",Signal Conditioning,,
1053038-16,"Isolator, Smart4-20ma In&4-20ma",Signal Conditioning,,
1053038-2,"Isolator, Discreet Input",Signal Conditioning,,
1053038-20,"Isolator, Power Rail",Signal Conditioning,,
1053038-22,"Isolator, Tc(type K) Xtmr",Signal Conditioning,,
1053038-23,"Isolator, Active Transistor",Signal Conditioning,,
1053038-28,"ISOLATOR, DISCRETE INPUT SIGNAL",Signal Conditioning,,
1053038-4,"Isolator, Discreet Output",Signal Conditioning,,
1053038-5,"Isolator, Solenoid Driver",Signal Conditioning,,
1053038-53,"Isolator, Smart Transmitter Ps",Signal Conditioning,,
1053038-54,"Isolator, Smart Current Driver",Signal Conditioning,,
1053038-55,"Isolator, Smart Transmitter Ps",Signal Conditioning,,
1053038-56,"Converter, Signal",Signal Conditioning,,
1053038-6,"Isolator, Rtd I/o",Signal Conditioning,,
1053038-7,"Isolator, 4-20ma In&4-20ma Out",Signal Conditioning,,
1053235-85,"Clamp, Cable",Cable Management,,
1053331-301,"Panel, Control, Pre-drilled",Panel Hardware,,
1053331-302,"Panel, Control, Pre-drilled",Panel Hardware,,
1053331-401,"Panel, Control, Pre-drilled",Panel Hardware,,
1053331-601,"Panel, Control, Pre-drilled",Panel Hardware,,
1053331-800,"Panel, Control, Pre-drilled",Panel Hardware,,
1053448-100,"Box Assy, Ep, T5",Panel Hardware,,
1053449-101,"Box Assy, Ep, T5",Panel Hardware,,
1053450-103,"Box Assy, Ep, T5",Panel Hardware,,
1053450-104,"Box Assy, Ep, T5",Panel Hardware,,
1053829-1,"Box, Junction, Flameproof, Npt",Panel Hardware,,
1053834-10,"SIGNAL CONVERTER, BACKUP OVERSPEED",Signal Conditioning,,
1053834-11,"BUOS MODULE, BACKUP OVERSPEED",Control Modules,,
1054025-1,"Busbar, Shield, 4 In, Brass",Grounding & Busbars,,/icons/busbar.svg
1054025-101,"Busbar, Shield, 4 In, Brass",Grounding & Busbars,,/icons/busbar.svg
1054025-3,"Busbar, Shield, 12 In, Brass",Grounding & Busbars,,/icons/busbar.svg
1054025-301,"Busbar, Shield, 12 In, Brass",Grounding & Busbars,,/icons/busbar.svg
1054025-6,"BRACKET, BUSBAR",Grounding & Busbars,,/icons/busbar.svg
1054025-7,"BRACKET, BUSBAR",Grounding & Busbars,,/icons/busbar.svg
1054071-1,"Relay Assy, Dpdt, 8 A",Control Relays,,
1054109-1,"Box, Junction, Ep",Panel Hardware,,
1054120-401,"Control Station, Fire",Control Modules,,
1054404-3,"Panel, Cabinet Door, Turbine",Panel Hardware,,
1054481-12,"Box, Junction, Ep",Panel Hardware,,
1054596-3,"Box, Control, Nema4, 1-door",Panel Hardware,,
1054596-31,"Box, Control, Nema4, 1-door",Panel Hardware,,
1054596-50,"Box, Control, Nema4, 1-door",Panel Hardware,,
1054710-1,"Cable, Armored, Pair",Cable Management,,
1054710-5,"Cable, Armored, Pair",Cable Management,,
1056244-1,"Module, Fire System, Controller",Control Modules,,
1056244-11,"Module, Fire System, Controller",Control Modules,,
1056244-13,"Panel, Control, Pre-drilled",Panel Hardware,,
1056244-2,"POWER SUPPLY, EAGLE QUANTUM PREMIER",Control Power,/devices/1056244-2.png,
1056244-28,"CONTROLLER, EAGLE QUANTUM PREMIER",Safety Control System,/devices/1056244-28.png,
1056244-29,"CONTROLLER, EAGLE QUANTUM PREMIER",Safety Control System,/devices/1056244-29.png,
1056244-30,"Module, Fire System, Controller",Control Modules,,
1056244-31,"Module, Fire System, Controller",Control Modules,,
1056244-3N981,"Panel, Control, Pre-drilled",Panel Hardware,,
1056244-4,"Module, Fire System, Controller",Control Modules,,
1056244-40,"Module, Fire System, Power",Control Modules,,
1056244-41,"Module, Fire System, Power",Control Modules,,
1056244-42,"Module, Fire System, Power",Control Modules,,
1056244-5,"8 CHANNEL ED I/O, EAGLE QUANTUM PREMIER",Safety Control System,,
1056454-100,"Harness, Digital B/u Overspeed",Cable Management,,
1056616-1,"Panel, Cabinet Door, Switch",Panel Hardware,,
1056616-2,"Panel, Cabinet Door, Meter",Panel Hardware,,
1056965-3,"Box, Electrical, Nema4x",Panel Hardware,,
1057018-3,"Box, Control, Nema4, 1-door",Panel Hardware,,
1057018-32,"Box, Control, Nema4x",Panel Hardware,,
1057564-2,"Cable, Thermocouple, Type-n, 18",Cable Management,,
1057608-1,Module,Control Modules,,
1057608-3,Module,Control Modules,,
1057608-7,Module,Control Modules,,
1057888-1,"Box Assy, Ep",Panel Hardware,,
1058112-103,"Panel, Control, Pre-drilled",Panel Hardware,,
1058112-1400,"Panel, Control, Pre-drilled",Panel Hardware,,
1058112-1401,"Panel, Control, Pre-drilled",Panel Hardware,,
1058112-1900,"Panel, Control, Pre-drilled",Panel Hardware,,
1058112-2000,"Panel, Control, Pre-drilled",Panel Hardware,,
1058112-2001,"Panel, Control, Pre-drilled",Panel Hardware,,
1058112-204,"Panel, Control, Pre-drilled",Panel Hardware,,
1058112-205,"Panel, Control, Pre-drilled",Panel Hardware,,
1058112-206,"Panel, Control, Pre-drilled",Panel Hardware,,
1058112-2300,"Panel, Control, Pre-drilled",Panel Hardware,,
1058112-607,"Panel, Control, Pre-drilled",Panel Hardware,,
1058112-608,"Panel, Control, Pre-drilled",Panel Hardware,,
1058112-609,"Panel, Control, Pre-drilled",Panel Hardware,,
1058112-903,"Panel, Control, Pre-drilled",Panel Hardware,,
1058112-904,"Panel, Control, Pre-drilled",Panel Hardware,,
1058112-905,"Panel, Control, Pre-drilled",Panel Hardware,,
1058148-10,"Panel, Control, Pre-drilled",Panel Hardware,,
1058148-2,"Panel, Control, Pre-drilled",Panel Hardware,,
1058148-3,"Panel, Control, Pre-drilled",Panel Hardware,,
1058148-30,"Panel, Control, Pre-drilled",Panel Hardware,,
1058148-40,"Panel, Control, Pre-drilled",Panel Hardware,,
1058627,"Clamp, Split Flange, Hose, Pipe",Cable Management,,
1058732-17,"Cover, Harness, 24 Pole",Cable Management,,
1059418-7101,"Harness Assy, T5, Remote Node",Cable Management,,
1059438-104,"Box, Junction, Nema4, Npt",Panel Hardware,,
1059438-105,"Box, Junction, Nema4, Npt",Panel Hardware,,
1059438-3X521,"Box, Junction, Nema4, Npt",Panel Hardware,,
1059550-3C941,"Harness, F&g",Cable Management,,
1059677-1,"Box, Junction, Ep, Npt",Panel Hardware,,
1059677-11,"Box, Junction, Ep, Npt",Panel Hardware,,
1059802-2100,"Harness, Gen Box To Tc Box",Cable Management,,
1059803-2002,"Harness, Speed",Cable Management,,
1060951-12,"Switch, Ethernet, 24 Vdc",Industrial Networking,,
1060951-15,"Switch, Ethernet, 24 Vdc",Industrial Networking,,
1060951-25,"Switch, Ethernet, 10-30 Vdc",Industrial Networking,,
1061367-101,"Box, Junction, Ep",Panel Hardware,,
1061406-1,"Box, Control",Panel Hardware,,
1061406-2,"Box, Control, Nema4",Panel Hardware,,
1061979-1,"RELAY, FIRE DETECTED (CUSTOMER)",Control Relays,/devices/1061979-1.png,
1062522,"Box, Junction, Ep, Round",Panel Hardware,,
1062941-400,"RELAY, BECKWITH, M3425-A GENERATOR PROTECTION",Protection Relays,,
1063106-50,"Cable Assy, 50', Shld, Twisted",Cable Management,,
1064151-2,"Duct, Wire, 1 In X 3 In, Blue",Cable Management,,
1064203-8,"Switch, Fiber Optic",Industrial Networking,,
1064521-101,"Box Assy, Cntrl, Eexd Disconnect",Panel Hardware,,
1064521-201,"Box Assy, Ep, Isolator",Panel Hardware,,
1064967,"RIVET, DOMED",Panel Hardware,,/icons/subtype-rivet-washers.svg
1065497-202,"Box Assy, Ep, Isolator",Panel Hardware,,
1065497-602,"Box, Junction, Ep, Npt",Panel Hardware,,
1066211-2000,"Harness Assy, Tc",Cable Management,,
1066211-2100,"Harness Assy, M50",Cable Management,,
1066211-2600,"Harness, Package",Cable Management,,
1066211-3200,"Harness, Coax, Gen Box, Tc Box",Cable Management,,
1066211-3300,"Harness, Coax, Gen Box, Tc Box",Cable Management,,
1066730-1,"BLOCK, TERMINAL, SPRING, 4",Terminal Blocks & Accessories,,/icons/screw-terminals.svg
1066730-10,"DIODE TERMINAL STRIP, 4 CONDUCTOR",Terminal Blocks & Accessories,,/icons/screw-terminals.svg
1066730-11,"Marker, Terminal Block, 1-10",Terminal Blocks & Accessories,,/icons/screw-terminals.svg
1066730-12,"Jumper, Terminal Block, Spring",Terminal Blocks & Accessories,,/icons/screw-terminals.svg
1066730-13,"Block, Fuse, 15 A, 300 V",Circuit Protection,,
1066730-14,"Marker, Terminal Block, 1-7",Terminal Blocks & Accessories,,/icons/screw-terminals.svg
1066730-16,"TERMINAL STRIP, 2 CONDUCTOR",Terminal Blocks & Accessories,,/icons/screw-terminals.svg
1066730-17,"TERMINAL STRIP, 2 CONDUCTOR",Terminal Blocks & Accessories,,/icons/screw-terminals.svg
1066730-18,"TERMINAL STRIP, 2 CONDUCTOR",Terminal Blocks & Accessories,,/icons/screw-terminals.svg
1066730-19,"JUMPER, TERMINAL BLOCK, SPRING, 2",Terminal Blocks & Accessories,,/icons/screw-terminals.svg
1066730-2,"ENDPLATE, TERMINAL BLOCK, GROUND",Terminal Blocks & Accessories,,/icons/screw-terminals.svg
1066730-21,"JUMPER, TERMINAL BLOCK, S",Terminal Blocks & Accessories,,/icons/screw-terminals.svg
1066730-22,"TERMINAL STRIP, 2 CONDUCTOR",Terminal Blocks & Accessories,,/icons/screw-terminals.svg
1066730-24,"Block, Terminal, Spring, 2",Terminal Blocks & Accessories,,/icons/screw-terminals.svg
1066730-25,"Endplate, Terminal Block, Is",Terminal Blocks & Accessories,,/icons/screw-terminals.svg
1066730-30,"Jumper, Terminal Block, Spring, 2",Terminal Blocks & Accessories,,/icons/screw-terminals.svg
1066730-32,"TERMINAL BLOCK, SPRING, 4 CONDUCTOR,30-12 AWG (0.05-3.31 MM2),NON-IS",Terminal Blocks & Accessories,,/icons/screw-terminals.svg
1066730-35,"Block, Terminal, Spring, 2",Terminal Blocks & Accessories,,/icons/screw-terminals.svg
1066730-4,"JUMPER, TERMINAL BLOCK, SPRING, 2",Terminal Blocks & Accessories,,/icons/screw-terminals.svg
1066730-40,"Marker, Terminal Block, 13-48",Terminal Blocks & Accessories,,/icons/screw-terminals.svg
1066730-41,"Marker, Terminal Block, 49-60",Terminal Blocks & Accessories,,/icons/screw-terminals.svg
1066730-43,"JUMPER, TERMINAL BLOCK, SPRING",Terminal Blocks & Accessories,,/icons/screw-terminals.svg
1066730-44,"Marker, Terminal Block, 8-63",Terminal Blocks & Accessories,,/icons/screw-terminals.svg
1066730-45,"Marker, Terminal Block, 61-132",Terminal Blocks & Accessories,,/icons/screw-terminals.svg
1066730-52,"JUMPER, TERMINAL BLOCK, SPRING, 3",Terminal Blocks & Accessories,,/icons/screw-terminals.svg
1066730-53,"Jumper, Terminal Block, Spring, 4",Terminal Blocks & Accessories,,/icons/screw-terminals.svg
1066730-54,"JUMPER, TERMINAL BLOCK, SPRING, 5",Terminal Blocks & Accessories,,/icons/screw-terminals.svg
1066730-55,"JUMPER, TERMINAL BLOCK, SPRING, 6",Terminal Blocks & Accessories,,/icons/screw-terminals.svg
1066730-57,"JUMPER, TERMINAL BLOCK, SPRING, 8",Terminal Blocks & Accessories,,/icons/screw-terminals.svg
1066730-58,"JUMPER, TERMINAL BLOCK, SPRING, 9",Terminal Blocks & Accessories,,/icons/screw-terminals.svg
1066730-59,"Jumper, Terminal Block, Spring",Terminal Blocks & Accessories,,/icons/screw-terminals.svg
1066730-61,"Block, Terminal, Spring, 2",Terminal Blocks & Accessories,,/icons/screw-terminals.svg
1066730-62,"Block, Terminal, Spring, 4",Terminal Blocks & Accessories,,/icons/screw-terminals.svg
1066730-64,"Marker, Terminal Block, 64-119",Terminal Blocks & Accessories,,/icons/screw-terminals.svg
1066730-68,"DIODE TERMINAL STRIP, 4 CONDUCTOR",Terminal Blocks & Accessories,,/icons/screw-terminals.svg
1066730-69,"Jumper, Terminal Block, Spring",Terminal Blocks & Accessories,,/icons/screw-terminals.svg
1066730-7,"TERMINAL BLOCK, SPRING, 4 CONDUCTOR,30-12 AWG (0.05-3.31 MM2),NON-IS",Terminal Blocks & Accessories,,/icons/screw-terminals.svg
1066730-73,"Marker, Terminal Block, 51-110",Terminal Blocks & Accessories,,/icons/screw-terminals.svg
1066730-8,"TERMINAL BLOCK, SPRING, 4 CONDUCTOR,30-12 AWG (0.05-3.31 MM2),NON-IS",Terminal Blocks & Accessories,,/icons/screw-terminals.svg
1066730-87,"Block, Terminal, 2",Terminal Blocks & Accessories,,/icons/screw-terminals.svg
1066730-88,"Block, Terminal, 2",Terminal Blocks & Accessories,,/icons/screw-terminals.svg
1066730-89,"Block, Terminal, 2",Terminal Blocks & Accessories,,/icons/screw-terminals.svg
1066730-9,"DIODE TERMINAL STRIP, 4 CONDUCTOR",Terminal Blocks & Accessories,,/icons/screw-terminals.svg
1066730-90,"Block, Terminal, 2",Terminal Blocks & Accessories,,/icons/screw-terminals.svg
1066730-91,"Block, Terminal, 2",Terminal Blocks & Accessories,,/icons/screw-terminals.svg
1066730-92,"Block, Terminal, 2",Terminal Blocks & Accessories,,/icons/screw-terminals.svg
1066730-93,"Block, Fuse",Circuit Protection,,
1066730-94,"Block, Terminal, Spring, 2",Terminal Blocks & Accessories,,/icons/screw-terminals.svg
1066738-10,Diode,Diodes & Suppression,,
1066738-12,"Resistor, 1 W, 120 Ohm, +/- 1 %",Passive Components,,
1066738-13,"Resistor, 1 W, 4700 Ohm, +/1 %",Passive Components,,
1066738-8,"Resistor, 1 W, 1000 Ohm, +/-1%",Passive Components,,
1066738-9,"Resistor, 1 W, 10000 Ohm, +/-1%",Passive Components,,
1067219-1,"Strobe, Clear",Panel Lighting,,
1067360-3,"Strobe W/horn, Blue",Panel Lighting,,
1067573-2400,"Box, Control, Nema4x, 2-door",Panel Hardware,,
1067573-2401,"Box, Control, Nema4x",Panel Hardware,,
1067573-2402,"Box, Control, Nema4x",Panel Hardware,,
1067573-2403,"Box, Control, Nema4x",Panel Hardware,,
1067573-3050,"Box, Control, Nema4x, 2-door",Panel Hardware,,
1067573-3051,"Box, Control, Nema4x",Panel Hardware,,
1067573-3052,"Box, Control, Nema4x",Panel Hardware,,
1067573-3053,"Box, Control, Nema4x",Panel Hardware,,
1067573-3070,"Box, Control, Nema4x, 2-door",Panel Hardware,,
1067573-3071,"Box, Control, Nema4x",Panel Hardware,,
1067573-3072,"Box, Control, Nema4x",Panel Hardware,,
1067573-3073,"Box, Control, Nema4x",Panel Hardware,,
1067573-41,"Box, Control, Nema4x",Panel Hardware,,
1067573-42,"Box, Control, Nema4x",Panel Hardware,,
1067577-30,"Box, Control, Nema4x",Panel Hardware,,
1067577-31,"Box, Control, Nema4x",Panel Hardware,,
1067577-4,"Box, Control, Nema4x",Panel Hardware,,
1067577-42,"Box, Control, Nema4x",Panel Hardware,,
1067578-3,"Box, Control, Nema4",Panel Hardware,,
1067578-3R891,"Box, Control, Nema4x, 1-door",Panel Hardware,,
1067578-59,"Panel, Cabinet Door, Solid",Panel Hardware,,
1067579-3,"Box, Control, Nema4",Panel Hardware,,
1067579-31,"Box, Control, Nema4",Panel Hardware,,
1067579-3Z352,"Box, Control, Nema4x, 1-door",Panel Hardware,,
1067579-40,"Box, Control, Nema4x",Panel Hardware,,
1067579-95,"Box, Control, Nema4x",Panel Hardware,,
1067579-96,"Box, Control, Nema4x",Panel Hardware,,
1067580-3,"Box, Control, Nema4x",Panel Hardware,,
1067580-32,"Box, Control, Nema4x",Panel Hardware,,
1067585-3,"Box, Control, Nema4",Panel Hardware,,
1067996-11,"TERMINAL BLOCK, SPRING, 4 CONDUCTOR,30-12 AWG (0.05-3.31 MM2),NON-IS",Terminal Blocks & Accessories,,/icons/screw-terminals.svg
1067996-18,"Marker, Terminal Block, 1-50",Terminal Blocks & Accessories,,/icons/screw-terminals.svg
1067996-22,"Block, Terminal, Screw, 2",Terminal Blocks & Accessories,,/icons/screw-terminals.svg
1067996-3,"TERMINAL BLOCK, SPRING, 4 CONDUCTOR,30-12 AWG (0.05-3.31 MM2),NON-IS",Terminal Blocks & Accessories,,/icons/screw-terminals.svg
1067996-4,"TERMINAL STRIP, 4 CONDUCTOR",Terminal Blocks & Accessories,,/icons/screw-terminals.svg
1067996-54,"JUMPER, TERMINAL BLOCK, SCREW, 10",Terminal Blocks & Accessories,,/icons/screw-terminals.svg
1067996-55,"JUMPER, TERMINAL BLOCK, SCREW, 2",Terminal Blocks & Accessories,,/icons/screw-terminals.svg
1067996-56,"JUMPER, TERMINAL BLOCK, SCREW, 3",Terminal Blocks & Accessories,,/icons/screw-terminals.svg
1067996-57,"JUMPER, TERMINAL BLOCK, SCREW, 4",Terminal Blocks & Accessories,,/icons/screw-terminals.svg
1067996-58,"Wrench, Hex, 4 Mm",Unknown,,
1067996-62,"Slug, Fuse, Brass Plated",Circuit Protection,,
1067996-64,"Endplate, Terminal Block, Is",Terminal Blocks & Accessories,,/icons/screw-terminals.svg
1067996-66,"Endplate, Terminal Block, Is",Terminal Blocks & Accessories,,/icons/screw-terminals.svg
1067996-68,"Marker, Terminal Block, 151-200",Terminal Blocks & Accessories,,/icons/screw-terminals.svg
1067996-69,"Block, Terminal, Screw, 2",Terminal Blocks & Accessories,,/icons/screw-terminals.svg
1067996-7,"BLOCK, TERMINAL, SCREW, 4",Terminal Blocks & Accessories,,/icons/screw-terminals.svg
1067996-72,"Block, Terminal, Screw, 2",Terminal Blocks & Accessories,,/icons/screw-terminals.svg
1067996-82,"Marker, Terminal Block, 1-10",Terminal Blocks & Accessories,,/icons/screw-terminals.svg
1067996-92,"Jumper, Terminal Block, Screw, 2",Terminal Blocks & Accessories,,/icons/screw-terminals.svg
1068334,"KEYBOARD, TYPING INTERFACE",HMI & Operator Interface,,
1069066-1,"Box, Junction",Panel Hardware,,
1070352-100,"Box Assy, Ep, T5",Panel Hardware,,
1070352-101,"Box Assy, Ep, T5",Panel Hardware,,
1070536,"Box, Junction, Round, Npt",Panel Hardware,,
1070706-4,"Box, Junction, Nema4x",Panel Hardware,,
1070707-1,"Box, Electrical",Panel Hardware,,
1070711-2,"Box, Junction, Nema4x",Panel Hardware,,
1070714-3,"Box, Junction, Nema4x",Panel Hardware,,
1070714-4,"Box, Junction, Nema4x",Panel Hardware,,
1070715-4,"Box, Junction, Nema4x",Panel Hardware,,
1070720-1,"Box, Electrical",Panel Hardware,,
1070930-1,"Box, Junction",Panel Hardware,,
1070930-2,"Box, Junction",Panel Hardware,,
1071431-131,"Cable, Tc-er, Single",Cable Management,,
1071431-135,"Cable, Tc-er, Single",Cable Management,,
1071431-138,"Cable, Tc-er, Single",Cable Management,,
1071431-141,"Cable, Tc-er, Single",Cable Management,,
1071431-142,"Cable, Tc-er, Single",Cable Management,,
1071431-143,"Cable, Tc-er, Single",Cable Management,,
1071431-201,"Cable, Tc-er, Pair",Cable Management,,
1071431-241,"Cable, Tc-er, Pair",Cable Management,,
1071431-302,"Cable, Tc-er, Triad",Cable Management,,
1071431-303,"Cable, Tc-er, Triad",Cable Management,,
1071777-2,"Socket, Relay, 3pdt, 15 A",Control Relays,,
1071782-101,"Cable, Tc-er, Single",Cable Management,,
1071782-102,"Cable, Tc-er, Single",Cable Management,,
1071782-103,"Cable, Tc-er, Single",Cable Management,,
1071782-111,"Cable, Tc-er, Single",Cable Management,,
1071782-112,"Cable, Tc-er, Single",Cable Management,,
1071782-113,"Cable, Tc-er, Single",Cable Management,,
1071782-117,"Cable, Tc-er, Single",Cable Management,,
1071782-133,"Cable, Tc-er, Single",Cable Management,,
1071782-135,"Cable, Tc-er, Single",Cable Management,,
1071782-203,"Cable, Tc-er, Pair",Cable Management,,
1071782-204,"Cable, Tc-er, Pair",Cable Management,,
1071782-205,"Cable, Tc-er, Pair",Cable Management,,
1071782-207,"Cable, Tc-er, Pair",Cable Management,,
1071782-226,"Cable, Tc-er, Pair",Cable Management,,
1071782-241,"Cable, Tc-er, Pair",Cable Management,,
1071782-302,"Cable, Tc-er, Triad",Cable Management,,
1071782-304,"Cable, Tc-er, Triad",Cable Management,,
1071782-305,"Cable, Tc-er, Triad",Cable Management,,
1071782-311,"Cable, Tc-er, Triad",Cable Management,,
1071782-704,"Cable, Tc-er, Pair",Cable Management,,
1071782-801,"Cable, Tc-er, Triad",Cable Management,,
1071782-805,"Cable, Tc-er, Triad",Cable Management,,
1071783-1,"Cable, Shielded, Pair",Cable Management,,
1071783-3,"Cable, Tray",Cable Management,,
1071783-4,"Cable, Shielded, Pair",Cable Management,,
1071783-5,"Cable, Shielded, Pair",Cable Management,,
1071783-6,"Cable, Shielded, Pair",Cable Management,,
1072236,"SLV, WIRE WRAP, 1/8 OD, NYLON, 100",Wire Management,,
1074259-17,"Endplate, Terminal Block, Non-is",Terminal Blocks & Accessories,,/icons/screw-terminals.svg
1074259-18,"Endplate, Terminal Block, Is",Terminal Blocks & Accessories,,/icons/screw-terminals.svg
1074259-23,"Endplate, Terminal Block",Terminal Blocks & Accessories,,/icons/screw-terminals.svg
1074259-6,"Block, Terminal, Spring, 2",Terminal Blocks & Accessories,,/icons/screw-terminals.svg
1074259-7,"Block, Terminal, Spring, 2",Terminal Blocks & Accessories,,/icons/screw-terminals.svg
1075018-3,"Breaker, Circuit, 50 A, Spst",Circuit Protection,,
1075018-4,"Breaker, Circuit, 3 A, Spst, Panel",Circuit Protection,,
1075034-1,"Cable, Shielded, Pair",Cable Management,,
1076224-1,"Box, Electrical, Nema4x",Panel Hardware,,
1076251-1,"RELAY,24 VDC.10 A",Control Relays,,
1076251-2,"SOCKET, RELAY, 24 VDC, 10 A",Relay Sockets,,
1076320,"Lug, Lifting, 5/8"" Hole",Ring Terminals,,/icons/red-lug.svg
1078029-100,"Cable, Bam, 50 Ft",Cable Management,,
1078029-200,"Cable, Bam, 50 Ft",Cable Management,,
1078169-1,"Box, Junction, Nema4x",Panel Hardware,,
1078390-1,"Box, Junction, Ep, Square, Npt",Panel Hardware,,
1079053-14,"Cable, Mc-hl, Single",Cable Management,,
1079053-4,"Cable, Mc-hl, Single",Cable Management,,
1079559-501,"Box, Control, Ep",Panel Hardware,,
1081984-2,"Box Assy, Ep",Panel Hardware,,
1081987-1,"Box, Junction, Ep, Npt",Panel Hardware,,
1084026-2,"Box, Electrical, Ep",Panel Hardware,,
1085042-3,"Resistor, 720 W, 45 Ohm",Passive Components,,
1085271-82,"Fuse, 8.0 A, 500 V",Circuit Protection,,
1085271-97,"Cable, Fiber Optic",Cable Management,,
1085476-1,Wire,Cable Management,,
1085523-3,"Box, Control",Panel Hardware,,
1087495-1,Cable,Cable Management,,
1088442-2,"Module, Vib, Xm, Xm Net",Control Modules,,
1088442-3,"Base, Vibration, Dyn, Spring",Terminal Blocks & Accessories,,/icons/screw-terminals.svg
1088442-4,"POWER CONVERTER, DC/DC INPUT TO 24V DC OUTPUT",Power Conversion,,
108911-5,"Clamp, Half, Tube",Cable Management,,
1089240-1,"Module, Flex, Adapter",Control Modules,,
1089240-13,"Module, Flex, Fast Rtd/tc, 8 Inp",Control Modules,,
1089240-26,"Module, Flex, Fast Counter, 2 Inp",Control Modules,,
1089240-27,"Module, Flex, Fast Rtd/tc, 8 Inp",Control Modules,,
1089240-28,"Module, Flex, Fast Rtd/tc, 8 Inp",Control Modules,,
1089240-33,"Module, Flex, Fast Counter, 2 Inp",Control Modules,,
1089240-34,"Module, Flex, Adapter",Control Modules,,
1089240-35,"Module, Flex, Fast Analog, 4 Inp",Control Modules,,
1089240-36,"Module, Flex, Fast Analog, 2",Control Modules,,
1089240-37,"Module, Flex, Fast Analog, 4 Out",Control Modules,,
1089240-38,"Module, Flex, Fast Counter, 2 Inp",Control Modules,,
1089240-39,"Module, Flex, Fast Analog, 4 Inp",Control Modules,,
1089240-41,"Module, Flex, Fast Rtd/tc, 8 Inp",Control Modules,,
1089241-14,"MVI 56E-MCMXT, MODBUS",PLC Communication Modules,,
1089241-20,"MODULE, BLANK FILLER",PLC Rack Hardware,/devices/1089241-20.png,
1089241-24,"Module, Communication, Ethernet",Control Modules,,
1089241-28,"POWER SUPPLY, RSLOGIX CHASSIS",PLC Control Platform,/devices/1089241-28.png,
1089241-35,"Module, Redundancy-rm2xt",Control Modules,,
1089241-36,"1756-EN2TXT, ETHERNET",PLC Communication Modules,/devices/1089241-36.png,
1089241-40,"1756-EN2TRXT, ETHERNET",PLC Communication Modules,/devices/1089241-40.png,
1089241-41,"Module, Communication",Control Modules,,
1089241-42,"RACK CHASSIS, 1756-A10XT (10 SLOT)",PLC Rack Hardware,/devices/1089241-42.png,
1089241-43,"1756-L83EXTS, CONTROLLER^GUARDLOGIX",PLC Control Platform,/devices/1089241-43.png,
1089241-45,"Module, Communication, Ethernet",Control Modules,,
1089241-5,"Module, Communication, Ethernet",Control Modules,,
1089241-6,"Module, Redundancy-rmxt",Control Modules,,
1089241-7,"1756-DHRIOXT, DATA HIGHWAY (+)",PLC Communication Modules,,
1089241-A8250,"Module, Fieldbus",Control Modules,,
1089678-1,"Box, Junction",Panel Hardware,,
1089678-3,"Box, Junction",Panel Hardware,,
1090015-1,"Box, Electrical, Nema4x",Panel Hardware,,
1090724-200,"Box, Control, Ep",Panel Hardware,,
1090724-201,"Box, Control, Ep",Panel Hardware,,
1090837-2,"Box Assy, Ep",Panel Hardware,,
1091545-1201,"Box Assy, Cntrl",Panel Hardware,,
1091545-1202,"Box Assy, Cntrl",Panel Hardware,,
1092565,"Tool, Cleaner, Gojo Hand Cleaner",Unknown,,
1092566,"Tool, Safety Goggles",Unknown,,
1092567,"Tool, Blue Frame Bolle Atom",Unknown,,
1092859-1,"Box, Junction, Nema4x",Panel Hardware,,
1093001,"Gloves, Medium, Disposable",Unknown,,
1095128-1,"Box, Junction, Non-ep, Npt",Panel Hardware,,
1095128-2,"Box, Junction, Non-ep, Npt",Panel Hardware,,
1095233,"Flange, Pipe, 1.5, 4-blt, O-ring",Cable Management,,
1095365,"Clamp, Cushion, Pipe",Cable Management,,
1095514-1,"Relay, Timer, Spdt, 24 Vdc, 8 A",Control Relays,,
1096067-E2410,"Kit, Cable",Cable Management,,
1096426-4,"Clamp, Cushion",Cable Management,,
1096566-1604,"Box, Control, Nema4x",Panel Hardware,,
1096566-1605,"Box, Control, Nema4x",Panel Hardware,,
1096567-1303,"Box, Control, Nema4x",Panel Hardware,,
1096567-1304,"Box, Control, Nema4x",Panel Hardware,,
1096709-1,"Relay, Dpst, 5.0 A",Control Relays,,
1098174-21,"Cable, Mc-hl, Pair",Cable Management,,
1098174-31,"Cable, Mc-hl, Triad",Cable Management,,
1098580-13,"Cable, Fiber Optic, 1 M, Duplex",Cable Management,,
1098580-21,"Cable, Fiber Optic, 1 M, St-st",Cable Management,,
1098580-41,"Cable, Fiber Optic, 3 M, Sc-sc",Cable Management,,
1098580-46,"Cable, Fiber Optic, 1 M, St, Lc",Cable Management,,
1098974,"Gloves, Small, Industrial",Unknown,,
1098975,"Gloves, Medium, Industrial",Unknown,,
1098976,"Gloves, Large, Industrial",Unknown,,
1099228,"Tool, Kneeling Pad",Unknown,,
1100364-100,"Control Station, Fire",Control Modules,,
1100364-101,"Control Station, Fire",Control Modules,,
1100467,"Tool, Bag Of Rags",Unknown,,
1102002,"Wrench, Metric Allen Set",Unknown,,
1102668-2,"Isolator, Voltage Repeater",Signal Conditioning,,
1103208-101,"HORN, CONTROL SYSTEM ALARM",Alarm Devices,,
1104235-200,"Box, Control, Nema4x",Panel Hardware,,
1104970,"Tool, Mechanix Glove Xl",Unknown,,
1104971,"Tool, Mechanix Glove Lg",Unknown,,
1104972,"Tool, Mechanix Glove Med",Unknown,,
1105069-1,"Box Assy, Cntrl",Panel Hardware,,
1105069-11,"Box Assy, Cntrl",Panel Hardware,,
1105069-12,"Box, Junction, Ep, Rect, Npt",Panel Hardware,,
1105240-11,"Cable, Power Supply, Shielded",Cable Management,,
1105240-12,"Cable, Power Supply, Shielded",Cable Management,,
1105240-8,"Cable, Power Supply, Shielded",Cable Management,,
1105243-5,"Cable, Power Supply",Cable Management,,
1105333,"Tool, Gloves Sm",Unknown,,
1105334,"Tool, Gloves Med",Unknown,,
1105335,"Tool, Gloves Lg",Unknown,,
1105411-10,"Cable, Armored, Circular",Cable Management,,
1105411-14,"Cable, Armored, Circular",Cable Management,,
1105411-7,"Cable, Armored, Circular",Cable Management,,
1105411-8,"Cable, Armored, Circular",Cable Management,,
1106204-200,"Box, Junction, Nema4x",Panel Hardware,,
1106204-300,"Box, Junction, Nema4x",Panel Hardware,,
1106298-11,"Isolator, Repeater, Resistance",Signal Conditioning,,
1106298-17,"Isolator, Solenoid Driver",Signal Conditioning,,
1106298-6,"BLOCK, MOUNTING, BARRIER",Panel Hardware,,
1106298-7,"ROLLER, SPACING, BARRIER SYS",Panel Hardware,,
1106458-10,"Cable, Communication",Cable Management,,
1106657-1,"Relay, Undervoltage, Spdt, 24 Vdc",Control Relays,,
1107567-2,"Plate, Gland",Panel Hardware,,
1107567-4,"Plate, Gland",Panel Hardware,,
1107567-4C072-1,"Plate, Gland, 34.31 Inx 7.11 In",Panel Hardware,,
1107567-9,"Plate, Gland",Panel Hardware,,
1107714-1,"Box Assy, Non-is",Panel Hardware,,
1107714-2,"Box Assy, Non-is",Panel Hardware,,
1108329-4,"Panel, Cabinet Door, Solid",Panel Hardware,,
1109378-100,Crimper,Unknown,,
1110418-1,"Box, Junction, Nema4x, Npt",Panel Hardware,,
1110418-11,"Box, Junction, Nema4x, Npt",Panel Hardware,,
1110844-85,"Insert, 0.75-16unf-3b",Panel Hardware,,
1111762-1,"Relay, 24 Vdc, 4 A",Control Relays,,
1113568-200,"HORN, AUDIBLE ALARM",Alarm Devices,,
1113646-1,"Box, Junction, Nema4x, Square",Panel Hardware,,
1113646-2,"Box, Junction, Nema4x, Square",Panel Hardware,,
1115576-1,"Cable, Thermocouple, Type- K, 16",Cable Management,,
1115889-1,"Fuse, 30 A, 150 V",Circuit Protection,,
1116192,"Lug, Terminal, Fork",Ring Terminals,,/icons/red-lug.svg
1119804-200,"Box, Junction, Nema4x, Square",Panel Hardware,,
112043-1,"Relay, Frequency, 120 Vac, 5 A",Control Relays,,
112057-1,"Clamp, Split Flange, Hose, Pipe",Cable Management,,
112125-1,"Box, Pull, 3-way",Panel Hardware,,
1121854,"Lug, Terminal, 1 Awg, 2 Awg, 3 Awg",Ring Terminals,,/icons/red-lug.svg
1121858-2,"Wire, 4 Awg, Black, Insulated",Cable Management,,
1122042-4,"Tool, Contact Removal",Unknown,,
1122042-5,Crimper,Unknown,,
112343-2,"Box, Pull, 4-way",Panel Hardware,,
112369-1,"Enps-terminal Ring, Lug Ring 2",Ring Terminals,,/icons/red-lug.svg
112370-1,"Enps-terminal, Lug Ring 22-18",Ring Terminals,,/icons/red-lug.svg
112372-1,"Enps-terminal Ring, Lug Ring 2",Ring Terminals,,/icons/red-lug.svg
112373-1,"Enps-terminal Ring, Lug Ring 2",Ring Terminals,,/icons/red-lug.svg
112375-1,"Enps-terminal Ring, Lug Ring 2",Ring Terminals,,/icons/red-lug.svg
112376-1,"Enps-terminal Ring, Lug Ring 2",Ring Terminals,,/icons/red-lug.svg
112378-1,"Enps-terminal Ring, Lug Ring 1",Ring Terminals,,/icons/red-lug.svg
112379-1,"Enps-terminal Ring, Lug Ring 1",Ring Terminals,,/icons/red-lug.svg
112381-1,"Enps-terminal Ring, Lug Ring 1",Ring Terminals,,/icons/red-lug.svg
112382-1,"Enps-terminal Ring, Lug Ring 1",Ring Terminals,,/icons/red-lug.svg
112384-1,"Enps-terminal Ring, Lug Ring 1",Ring Terminals,,/icons/red-lug.svg
112385-1,"Enps-terminal Ring, Lug Ring 1",Ring Terminals,,/icons/red-lug.svg
112391-1,"Enps-terminal Ring, Lug Ring 1",Ring Terminals,,/icons/red-lug.svg
112392-1,"Enps-terminal Ring, Lug Ring 1",Ring Terminals,,/icons/red-lug.svg
112393-1,"Enps-terminal Ring, Lug Ring 1",Ring Terminals,,/icons/red-lug.svg
112395-1,"Enps-terminal Ring, Lug Ring 1",Ring Terminals,,/icons/red-lug.svg
112396-1,"Enps-terminal Ring, Lug Ring 1",Ring Terminals,,/icons/red-lug.svg
112397-1,"Enps-terminal Ring, Lug Ring 1",Ring Terminals,,/icons/red-lug.svg
112445-2,"Box, Pull, 2-way",Panel Hardware,,
1125877-1,"Box, Electrical, Ep",Panel Hardware,,
1125877-2,"Box, Electrical, Ep",Panel Hardware,,
1126803,"BREAKER, CIRCUIT, 20 A, DPST, RAIL",Circuit Protection,,
1128747-10,"Cable, Armored, Shielded, Female",Cable Management,,
1128747-13,"Cable, Armored, Shielded, Female",Cable Management,,
1128747-14,"Cable, Armored, Shielded, Female",Cable Management,,
1129113-1,"Box, Junction, Ep, Round",Panel Hardware,,
1129113-2,"Box, Junction, Ep, Round",Panel Hardware,,
1129113-6,"Box, Junction, Ep, Round",Panel Hardware,,
1129113-7,"Box, Junction, Ep, Round",Panel Hardware,,
1129119-3,"Base, Terminal, Screw",Terminal Blocks & Accessories,,/icons/screw-terminals.svg
1129119-4,"Module, Flex, 16 Inp",Control Modules,,
1129437-1,"Box Assy, Ep, Bv, Igv",Panel Hardware,,
1146543-1,"Block, Terminal, Screw, 4 -21 Awg",Terminal Blocks & Accessories,,/icons/screw-terminals.svg
116427-4,"Box, Electrical, Non-ep",Panel Hardware,,
1167630,"MOUNT, CABLE TIE, SURFACE MNT",Cable Management,,
1175882-2,Data Collector,Industrial Networking,,
1175882-3,"Data Collector, 3030 Iim",Industrial Networking,,
120245-11,"Cable, Thermocouple, Type- K, 24",Cable Management,,
120245-12,"Cable, Thermocouple, Type- K, 24",Cable Management,,
120245-13,"Cable, Thermocouple, Type- K, 24",Cable Management,,
120245-8,"Cable, Thermocouple, Type- K, 24",Cable Management,,
120364-5,"Cable, Lug",Ring Terminals,,/icons/red-lug.svg
1203774-100,"Tool, Eng Removal Screw Assy",Unknown,,
120662-14,"Module, Vib, Acceleration",Control Modules,,
120662-17,"Module, Vib, Acceleration",Control Modules,,
120662-18,"Module, Vib, Acceleration",Control Modules,,
120662-2,"Module, Vib, Acceleration",Control Modules,,
120662-8,"Module, Vib, Acceleration",Control Modules,,
120798-7,Cable Lug,Ring Terminals,,/icons/red-lug.svg
123315-16,"Lamp, Incandescent, Red, 28 Vdc",Panel Lighting,,
1247052-1,"BUSBAR, GROUND, 0.43 IN, COPPER",Grounding & Busbars,/busbars/1247052-1.png,/icons/busbar.svg
1247052-200,"BUSBAR, GROUND, 1.48 IN, BRASS",Grounding & Busbars,/busbars/1247052-200.png,/icons/busbar.svg
1247052-300,"BUSBAR, GROUND, 2.18 IN, BRASS",Grounding & Busbars,/busbars/1247052-300.png,/icons/busbar.svg
1247052-400,"BUSBAR, GROUND, 2.88 IN, BRASS",Grounding & Busbars,/busbars/1247052-400.png,/icons/busbar.svg
1247052-5,"Busbar, Ground, 3.503937007874",Grounding & Busbars,,/icons/busbar.svg
1247052-500,"BUSBAR, GROUND, 3.58 IN, BRASS",Grounding & Busbars,/busbars/1247052-500.png,/icons/busbar.svg
1247052-600,"BUSBAR, GROUND, 4.28 IN, BRASS",Grounding & Busbars,/busbars/1247052-600.png,/icons/busbar.svg
1247052-700,"BUSBAR, GROUND, 4.98 IN, BRASS",Grounding & Busbars,/busbars/1247052-700.png,/icons/busbar.svg
125625-303,"Box, Junction, Ep, Rectangular",Panel Hardware,,
1266826-1,"Diode, 600 V, 15 A",Diodes & Suppression,,
1271449-1,"MEDIA CONVERTER, ETHERNET-FIBER OPTIC",Industrial Networking,,
1271449-2,"Converter, Media, Wire-fiber",Industrial Networking,,
1271449-4,"Converter, Media, Wire-fiber",Industrial Networking,,
127240-17,"Box, Electrical, Ep",Panel Hardware,,
127240-7,"Box, Electrical, Ep",Panel Hardware,,
127682-10,Insert X 0.584 In,Panel Hardware,,
127682-9,Insert X 0.584 In,Panel Hardware,,
1286570-1,"POWER CONVERTER, AC/DC INPUT TO 28V DC OUTPUT",Power Conversion,,
130007-100,Clamp,Cable Management,,
1302073-108,"Cable, Communication, Ethernet",Cable Management,,
1302073-120,"Cable, Communication, Ethernet",Cable Management,,
1302073-140,"Cable, Communication, Ethernet",Cable Management,,
1302073-160,"Cable, Communication, Ethernet",Cable Management,,
1302073-180,"Cable, Communication, Ethernet",Cable Management,,
1302073-200,"Cable, Communication, Ethernet",Cable Management,,
1302073-220,"Cable, Communication, Ethernet",Cable Management,,
1302073-24,"Cable, Communication, Ethernet",Cable Management,,
1302073-240,"Cable, Communication, Ethernet",Cable Management,,
1302073-280,"Cable, Communication, Ethernet",Cable Management,,
1302073-36,"Cable, Communication, Ethernet",Cable Management,/cables/1302073-36.png,
1302073-400,"Cable, Communication, Ethernet",Cable Management,,
1302073-48,"Cable, Communication, Ethernet",Cable Management,,
1302073-6,"Cable, Communication, Ethernet",Cable Management,,
1302073-60,"Cable, Communication, Ethernet",Cable Management,,
1302073-600,"Cable, Communication, Ethernet",Cable Management,,
1302073-72,"Cable, Communication, Ethernet",Cable Management,,
1302073-84,"Cable, Communication, Ethernet",Cable Management,,
1302073-96,"Cable, Communication, Ethernet",Cable Management,,
1322418-10,"Module, Vib, Dynamic Measurement",Control Modules,,
1322418-11,"1444-DYN04-01RA, 4-CH VIBRATION INPUT^DYNAMIX 1444 VIBRATION",Condition Monitoring I/O,,
1322418-20,"1444-DYN04-01RA, 4-CH VIBRATION INPUT^DYNAMIX 1444 VIBRATION",Condition Monitoring I/O,,
1322418-30,"Module, Vib, Tachometer, Ra 1444",Control Modules,,
1322418-31,"1444-TSCX02-02RB, 2-CH TACHOMETER INPUT^DYNAMIX 1444 VIBRATION",Condition Monitoring I/O,,
1322418-40,"1444-TSCX02-02RB, 2-CH TACHOMETER INPUT^DYNAMIX 1444 VIBRATION",Condition Monitoring I/O,,
1322418-70,"1444-DYN04-01RA, 4-CH VIBRATION INPUT^DYNAMIX 1444 VIBRATION",Condition Monitoring I/O,,
1322418-71,"1444-DYN04-01RA, 4-CH VIBRATION INPUT^DYNAMIX 1444 VIBRATION",Condition Monitoring I/O,,
1322418-72,"1444-TSCX02-02RB, 2-CH TACHOMETER INPUT^DYNAMIX 1444 VIBRATION",Condition Monitoring I/O,,
1322418-73,"1444-TSCX02-02RB, 2-CH TACHOMETER INPUT^DYNAMIX 1444 VIBRATION",Condition Monitoring I/O,,
1322418-80,"Block, Terminal, Screw, 16",Terminal Blocks & Accessories,,/icons/screw-terminals.svg
1322418-81,"Block, Terminal, Screw, 16",Terminal Blocks & Accessories,,/icons/screw-terminals.svg
1322418-90,"Cable, Communication, Extension",Cable Management,,
1322418-92,"Cable, Communication, Ribbon",Cable Management,,
1328676-1,"Panel, Box",Panel Hardware,,
1337708-100,"Panel Assy, Turbine Control",Panel Hardware,,
1337708-101,"Panel Assy, Turbine Control",Panel Hardware,,
1337708-200,"Panel Assy, Turbine Control",Panel Hardware,,
1337708-201,"Panel Assy, Turbine Control",Panel Hardware,,
1337708-400,"Panel Assy, Turbine Control",Panel Hardware,,
1337728-10,"SWITCH, ETAP, DLR INTERFACE",Industrial Networking,,
1337728-11,"Switch, Ethernet, 24 Vdc",Industrial Networking,,
1337728-12,"SWITCH, ETAP, DLR INTERFACE",Industrial Networking,,
1337728-13,"Switch, Ethernet, 24 Vdc",Industrial Networking,,
1349092-1,"Beacon, Amber",Panel Lighting,,
136196-1,Clamp,Cable Management,,
1374928-1,"Fixture, Light, Led, 120-277 Vac",Panel Lighting,,
1374928-3,"Fixture, Light, Led, 120-277 Vac",Panel Lighting,,
1374929-2,"Fixture, Light, Led, 120-277 Vac",Panel Lighting,,
1374929-3,"Fixture, Light, Led, 120-277 Vac",Panel Lighting,,
1374929-4,"Fixture, Light, Led, 120-277 Vac",Panel Lighting,,
1374929-6,"Fixture, Light, Led, 120-277 Vac",Panel Lighting,,
1402142-101,"Box Assy, Ep, Bam",Panel Hardware,,
1402142-200,"Box Assy, Ep, Bam",Panel Hardware,,
1417940-1,Template,Unknown,,
1417940-2,Template,Unknown,,
143548-1,"Panel, Box",Panel Hardware,,
1464732-1,"Cable, Tc-er, Pair",Cable Management,,
1464732-2,"Cable, Tc-er, Pair",Cable Management,,
1479385-1,"Module, Communication, Hart",Control Modules,,
1479385-2,"Module, Communication, Hart",Control Modules,,
1503048-1,"Module, Relay Output",Control Modules,,
1503050-10,"Breaker, Circuit, 30 A, Rail",Circuit Protection,,
1503050-11,"Breaker, Circuit, 40 A, Rail",Circuit Protection,,
1503050-12,"Breaker, Circuit, 16 A, Rail",Circuit Protection,,
1503050-5,"Breaker, Circuit, 2 A, Rail",Circuit Protection,,
1503050-6,"Breaker, Circuit, 4 A, Rail",Circuit Protection,,
1503050-7,"Breaker, Circuit, 6 A, Rail",Circuit Protection,,
1503050-8,"Breaker, Circuit, 10 A, Rail",Circuit Protection,,
1503050-9,"Breaker, Circuit, 13 A, Rail",Circuit Protection,,
1503051-1,"Block, Terminal, Screw, 2",Terminal Blocks & Accessories,,/icons/screw-terminals.svg
1503051-2,"Endplate, Terminal Block",Terminal Blocks & Accessories,,/icons/screw-terminals.svg
1503051-22,"Holder, Fuse",Circuit Protection,,
1507616-100,"Control Station, Fire",Control Modules,,
1507616-200,"Control Station, Fire",Control Modules,,
1507621-1,"Strobe W/horn, Red",Panel Lighting,,
1507621-11,"Strobe W/horn, Red",Panel Lighting,,
1511762-4B581-1,"Lug, Terminal, 2/0 Awg",Ring Terminals,,/icons/red-lug.svg
1511762-4B581-2,"Lug, Terminal, 2/0 Awg",Ring Terminals,,/icons/red-lug.svg
1511762-4B581-3,"Lug, Terminal, 300 Mcm",Ring Terminals,,/icons/red-lug.svg
1556363-1,"Relay, 24 Vdc",Control Relays,,
156110-252,"Harness Assy, Wire Tc5 Probe",Cable Management,,
156110-400,"Harness Assy, Wire T5 Probe",Cable Management,,
156157-1,"Cable, Thermocouple",Cable Management,,
1577350-1,"Module, Logic Module",Control Modules,,
1577350-10,"Module, Combination",Control Modules,,
1577350-11,"Module, End Cap",Control Modules,,
1577350-2,"Module, Power Supply",Control Modules,,
1577350-4,"Module, Analog Input",Control Modules,,
1577350-5,"Module, Rtd",Control Modules,,
1577350-6,"Module, Discrete Output",Control Modules,,
1577350-7,"Module, Discrete Output",Control Modules,,
1577350-8,"Module, Discrete Output",Control Modules,,
1577350-9,"Module, Combination",Control Modules,,
1577354-4501,"WORKSTATION, VERSA VIEW 1200H",Industrial Computing,,
1577354-5100,"WORKSTATION, PANEL COMPUTER, TT4000",Industrial Computing,,
1582236-1,"Cable, Fiber Optic",Cable Management,,
1595462-1,"Panel, Box",Panel Hardware,,
1595523-2,"Box, Control, Nema4, 1-door",Panel Hardware,,
1634920-30,"Panel, Control, Pre-drilled",Panel Hardware,,
1634974-100,"GATEWAY MODULE, TURBOTRONIC GATEWAY",Gateway & Protocol Conversion,,
1634974-5,"Cable, Communication, Serial",Cable Management,,
1674984-1,"Contactor, 125 A, 440 V, Dc",Control Relays,,
1679040-1,"Box, Junction, Nema4x, Rect",Panel Hardware,,
1679040-2,"Box, Junction, Nema4x, Rect",Panel Hardware,,
1692316-1,"Box Assy, Ep",Panel Hardware,,
1692319-1,"Box Assy, Nema4x",Panel Hardware,,
1692319-2,"Box Assy, Nema4x",Panel Hardware,,
1698835-1,"Box, Control, Nema4x, 1-door",Panel Hardware,,
1704094,"Lug, Terminal, Splice, 1 Awg, 4",Ring Terminals,,/icons/red-lug.svg
1737392-2,"Fixture, Light, Led, 120 Vac, 45 W",Panel Lighting,,
1737392-3,"Fixture, Light, Led, 120-277 Vac",Panel Lighting,,
1737392-4,"Fixture, Light, Led, 120-277 Vac",Panel Lighting,,
1749375-1,"Fixture, Light, Led, 24 Vdc, 11 W",Panel Lighting,,
1765465-1,"Contactor, 12 A, 24 V, Dc",Control Relays,,
1765465-11,"Contactor, 16 A, 120 V, Dc",Control Relays,,
1765465-21,"Contactor, 16 A, 230 V, Ac",Control Relays,,
1765465-22,"Contactor, 23 A, 230 V, Ac",Control Relays,,
1765465-23,"Contactor, 37 A, 230 V, Ac",Control Relays,,
1765465-25,"Contactor, 30 A, 230 V, Ac",Control Relays,,
1765814-10,"Breaker, Circuit, 60 A, Rail Mnt",Circuit Protection,,
1765814-2,"Breaker, Circuit, 250 A",Circuit Protection,,
1765814-5,"Breaker, Circuit, 1200 A",Circuit Protection,,
1765814-7,"Breaker, Circuit, 300 A",Circuit Protection,,
1765814-8,"Breaker, Circuit, 400 A",Circuit Protection,,
1765814-9,"Breaker, Circuit, 600 A",Circuit Protection,,
1765815-45,"Breaker, Circuit",Circuit Protection,,
1765815-51,"Breaker, Circuit, 4 A, Rail, Screw",Circuit Protection,,
1765815-52,"Breaker, Circuit, 6.3 A, Rail",Circuit Protection,,
1765815-53,"Breaker, Circuit, 10 A, Rail",Circuit Protection,,
1765815-61,"Breaker, Circuit, 6.3 A, Rail",Circuit Protection,,
1765815-62,"Breaker, Circuit, 10 A, Rail",Circuit Protection,,
1765815-63,"Breaker, Circuit, 16 A, Rail",Circuit Protection,,
1765815-64,"Breaker, Circuit, 20 A, Rail",Circuit Protection,,
1765815-65,"Breaker, Circuit, 25 A, Rail",Circuit Protection,,
1765815-66,"Breaker, Circuit, 29 A, Rail",Circuit Protection,,
1765815-91,"Breaker, Circuit, 40 A, Rail",Circuit Protection,,
1765875-11,"Breaker, Circuit, 30 A, 277 Vac",Circuit Protection,,
1765875-12,"Breaker, Circuit, 40 A, 277 Vac",Circuit Protection,,
1765875-2,"Breaker, Circuit, 2 A, 277 Vac",Circuit Protection,,
1765875-22,"Breaker, Circuit, 2 A, 277 Vac",Circuit Protection,,
1765875-3,"Breaker, Circuit, 4 A, 277 Vac",Circuit Protection,,
1765875-4,"Breaker, Circuit, 6 A, 277 Vac",Circuit Protection,,
1765875-5,"Breaker, Circuit, 10 A, 277 Vac",Circuit Protection,,
1765875-6,"Breaker, Circuit, 13 A, 277 Vac",Circuit Protection,,
1765878-1,"Holder, Fuse, 600 V",Circuit Protection,,
1765878-11,"Fuse, 2 A, 600 V",Circuit Protection,,
1765878-12,"Fuse, 10 A, 600 V",Circuit Protection,,
1765878-21,"Fuse, 10 A, 500 V",Circuit Protection,,
1765879-11,"Breaker, Circuit, 40 A, 500 Vdc",Circuit Protection,,
1765879-13,"Breaker, Circuit, 63 A, 500 Vdc",Circuit Protection,,
1765879-2,"Breaker, Circuit, 2 A, 500 Vdc",Circuit Protection,,
1765879-4,"Breaker, Circuit, 6 A, 500 Vdc",Circuit Protection,,
1765879-7,"Breaker, Circuit, 16 A, 500 Vdc",Circuit Protection,,
1765879-8,"Breaker, Circuit, 20 A, 500 Vdc",Circuit Protection,,
1765880-1,"Fuse, 6.3 A, 250 V",Circuit Protection,,
1765882-3,"Relay, 690 Vac, 55 A",Control Relays,,
1765882-4,"Relay, 690 Vac, 27 A",Control Relays,,
1765882-6,"Relay, 690 Vac, 66 A",Control Relays,,
1765926-1,"Block, Terminal, Screw",Terminal Blocks & Accessories,,/icons/screw-terminals.svg
1766911-1,"Relay, Overvoltage, Spdt, 380-415",Control Relays,,
1766911-2,"Relay, 440-480 Vac",Control Relays,,
1766912-1,"Relay, Timer, Spdt, 12 Vdc, 240",Control Relays,,
1766913-1,"Resistor, 0.6 W, 5100 Ohm, Â±",Passive Components,,
1766914-1,"Resistor, 300 W, 1.95 Ohm, Â± 5%",Passive Components,,
1766918-1,"Breaker, Circuit, 25 A",Circuit Protection,,
1766923-1,"Fixture, Light, Fluorescent, 230",Panel Lighting,,
1780753-1,"Module, Power Supply",Control Modules,,
1780842-100,"Control Station, Fire",Control Modules,,
1780842-200,"Control Station, Fire",Control Modules,,
1782130-2,"Cable, Communication, Ethernet",Cable Management,,
1782130-4,"Cable, Communication, Ethernet",Cable Management,,
1782130-5,"Cable, Communication, Ethernet",Cable Management,,
1782130-6,"Cable, Communication, Ethernet",Cable Management,,
1787290-10,"Resistor, 0.5 W, 120 Ohm, +/- 0 %",Passive Components,,
1787290-20,"Resistor, 0.5 W, 120 Ohm, +/- 0 %",Passive Components,,
1812396-1,"Template, Exhaust Port",Unknown,,
1820133-100,"Box, Junction, Nema4x, Metric",Panel Hardware,,
1820133-200,"Box, Junction, Nema4x, Metric",Panel Hardware,,
185753-1,Clamp,Cable Management,,
186233-2,Resistance Bulb Transmitter,Passive Components,,
1864265-2,"Fuse, 4.0 A, 600 V",Circuit Protection,,
186985-5,"Module, Vib, Acceleration",Control Modules,,
186985-8,"Cable, Accelerometer, 8 Ft",Cable Management,,
1876573-108,"Cable, Shielded",Cable Management,,
1883365-3,"Cable, Tc-er, Triad",Cable Management,,
1883366-5,"Cable, Power Supply, Unshielded",Cable Management,,
1887275-8,"Cable, Tc-er, Pair",Cable Management,,
1897676-1,"Relay, 230 Vac, 240 Vac, 10 A",Control Relays,,
1899204-2,"Cable, Communication, Ethernet",Cable Management,,
1899204-3,"Cable, Communication, Ethernet",Cable Management,,
1901583-2,"Cable, Shielded, Quick",Cable Management,,
1901583-4,"Cable, Ignition, 60 In",Cable Management,,
1901583-5,"Cable, Ignition, 84 In",Cable Management,,
1901587-1,"MODULE, TIME SYNC",Time Synchronization,,
190171-29,"Fuse, 1.5 A, 250 V",Circuit Protection,,
190307-15,"Cable, Armored, Unshielded",Cable Management,,
190307-4,"Cable, Armored, Single",Cable Management,,
190308-1,"Cable, Armored, Pair",Cable Management,,
190308-10,"Wire, 16 Awg, Blue, Shielded",Cable Management,,
190308-11,"Cable, Armored, Pair",Cable Management,,
190308-12,"Cable, Armored, Pair",Cable Management,,
190308-3,"Cable, Armored, Pair",Cable Management,,
190308-4,"Cable, Armored, Pair",Cable Management,,
190309-3,"Cable, Armored, Triad",Cable Management,,
190309-4,"Cable, Armored, Triad",Cable Management,,
190309-6,"Cable, Armored",Cable Management,,
1905361-100,"Control Station, Fire",Control Modules,,
1905361-300,"Control Station, Fire",Control Modules,,
1905361-4D742,"Control Station, Fire",Control Modules,,
1905361-500,"Control Station, Fire",Control Modules,,
1905361-700,"Control Station, Fire",Control Modules,,
1905402-10,"Panel, Control, Solid",Panel Hardware,,
1905605-101,"Box Assy, Cntrl, Fire System",Panel Hardware,,
1905605-102,"Box Assy, Cntrl, Fire System",Panel Hardware,,
190767-26,"Isolator, Intrinsic Safety",Signal Conditioning,,
1907880-10,Busbar,Grounding & Busbars,,/icons/busbar.svg
1907880-14,"Cable, Communication",Cable Management,,
1907880-15,"Cable, Communication",Cable Management,,
1907880-16,Terminal,Terminal Blocks & Accessories,,/icons/screw-terminals.svg
1907880-17,"Cable, Communication",Cable Management,,
1907880-18,Terminal,Terminal Blocks & Accessories,,/icons/screw-terminals.svg
1907880-19,"Cable, Communication",Cable Management,,
1907880-7,Wire,Cable Management,,
1907880-8,"Kit, Cable",Cable Management,,
1907880-9,Busbar,Grounding & Busbars,,/icons/busbar.svg
1908163-1,"Module, Logic Module",Control Modules,,
1908163-10,"Module, Analog Input",Control Modules,,
1908163-16,"Block, Terminal, Screw, 4",Terminal Blocks & Accessories,,/icons/screw-terminals.svg
1908163-2,"Module, Ethernet/ip",Control Modules,,
1908163-21,Terminal,Terminal Blocks & Accessories,,/icons/screw-terminals.svg
1908163-22,Terminal,Terminal Blocks & Accessories,,/icons/screw-terminals.svg
1908163-23,Terminal,Terminal Blocks & Accessories,,/icons/screw-terminals.svg
1908163-25,"Module, Analog Output",Control Modules,,
1908163-26,Terminal,Terminal Blocks & Accessories,,/icons/screw-terminals.svg
1908163-27,Terminal,Terminal Blocks & Accessories,,/icons/screw-terminals.svg
1908163-29,"Module, Power Supply",Control Modules,,
1908163-5,"Module, Discrete Input",Control Modules,,
1908163-6,"Module, Discrete Input",Control Modules,,
1908163-7,"Module, Discrete Output",Control Modules,,
1908163-8,"Module, Discrete Output",Control Modules,,
1908163-9,"Module, Analog Input",Control Modules,,
190898-2,"Cable, Unshielded, Armored",Cable Management,,
190898-3,"Cable, Armored, Single",Cable Management,,
190898-8,"Cable, Armored, Single",Cable Management,,
190899-1,"Cable, Armored, Shielded, Pair",Cable Management,,
1948410-4,"Fixture, Light, 4200 W",Panel Lighting,,
1955400-52,"Plug, Terminal",Terminal Blocks & Accessories,,/icons/screw-terminals.svg
1957644-114,"Lug, Terminal, Ring, 16 Mm2",Ring Terminals,,/icons/red-lug.svg
1957644-115,"Lug, Terminal, Ring, 16 Mm2",Ring Terminals,,/icons/red-lug.svg
1982024-G4940,Strobe W/horn,Panel Lighting,,
1982026-G4940,Strobe,Panel Lighting,,
1986549-10,"Breaker, Circuit, 90 A, 3pst",Circuit Protection,,
1986549-11,"Breaker, Circuit, 40 A, 3pst",Circuit Protection,,
1986549-7,"Breaker, Circuit, 150 A, 3pst",Circuit Protection,,
1986549-8,"Breaker, Circuit, 30 A, 3pst",Circuit Protection,,
199358-200,"Harness Assy, Thermocouple",Cable Management,,
199610-1,Clamp,Cable Management,,
200133-1100,"Box Assy, Ep, Exciter",Panel Hardware,,
2010738-1,"Breaker, Circuit, 2000 A",Circuit Protection,,
2013865-1,"Block, Terminal, 4 Conductors, 22",Terminal Blocks & Accessories,,/icons/screw-terminals.svg
2013907-14,"Guide, J-box Cable, Straight",Panel Hardware,,
2013907-15,"Box, Electrical, Nema4x",Panel Hardware,,
2013907-16,"Box, Electrical, Nema4x",Panel Hardware,,
2013907-7,"Guide, J-box Cable, 60Â°",Panel Hardware,,
2013908-4,"Box, Electrical",Panel Hardware,,
2018018-1,"Fuse, 6 A, 600 V",Circuit Protection,,
2018018-2,"Fuse, 5 A, 600 V",Circuit Protection,,
2018018-3,"Fuse, 15 A, 600 V",Circuit Protection,,
2028078-1,"Fuse, 25 A, 17500 V",Circuit Protection,,
2028078-3,"Fuse, 31.5 A, 17500 V",Circuit Protection,,
2028871-1,"Holder, Fuse, 600 V",Circuit Protection,,
2028871-2,"Fuse, 30 A, 250 V",Circuit Protection,,
2031587-1,"Socket, Relay, Spdt, 110 Vac, 6 A",Control Relays,,
2031587-2,"Relay, Spdt, 110 Vac, 6 A",Control Relays,,
2031593-1,"Block, Terminal, 3 Conductors, 26",Terminal Blocks & Accessories,,/icons/screw-terminals.svg
2031593-2,"Block, Terminal, 3 Conductors, 26",Terminal Blocks & Accessories,,/icons/screw-terminals.svg
2031593-3,"Block, Terminal, 3 Conductors, 26",Terminal Blocks & Accessories,,/icons/screw-terminals.svg
2031593-4,"Endstop, Terminal Block",Terminal Blocks & Accessories,,/icons/screw-terminals.svg
2031593-5,"Jumper, Terminal Block",Terminal Blocks & Accessories,,/icons/screw-terminals.svg
2031593-6,"Endplate, Terminal Block",Terminal Blocks & Accessories,,/icons/screw-terminals.svg
2031593-7,"Endplate, Terminal Block",Terminal Blocks & Accessories,,/icons/screw-terminals.svg
2031604-1,"Resistor, 100 W, 100 Ohm, +/- 5 %",Passive Components,,
2031690-1,"Relay, Dpdt",Control Relays,,
2032473-1,"Fixture, Light, Led, 100-240 Vac",Panel Lighting,,
2032481-1,"Block, Terminal, Screw",Terminal Blocks & Accessories,,/icons/screw-terminals.svg
2032840-4,"Box, Electrical",Panel Hardware,,
2032843-1,"Fixture, Light, Led, 120 Vac, 41 W",Panel Lighting,,
2039600-1,"Resistor, 1 W, 1000 Ohm, +/- 1 %",Passive Components,,
2043420-100,"Box, Control, Nema4x, 1-door",Panel Hardware,,
2043420-200,"Box, Control, Nema4x, 1-door",Panel Hardware,,
204358-201,"Harness Assy, Thermocouple",Cable Management,,
2044163-1,"Box, Electrical",Panel Hardware,,
2045213-2,"Breaker, Circuit, 225 A, Wall",Circuit Protection,,
2047693-1,"Lug, Terminal, Ring, 3/0 Awg",Ring Terminals,,/icons/red-lug.svg
204805-2,"Clamp, Half",Cable Management,,
2050745-1,"Lug, Terminal, Ring, Ground, 4/0",Ring Terminals,,/icons/red-lug.svg
2053009-5,"Sleeve, Protective, Black",Cable Management,,
2056672-10,"Breaker, Circuit, 3.2 A, 3pst",Circuit Protection,,
2057335-100,"Cable Assy, M12, 6ft",Cable Management,,
2060010-2,"Box, Control, Nema4, 1-door",Panel Hardware,,
206662-1,"Clamp, Tube",Cable Management,,
2071883-1,"Relay, 4pdt, 24 Vdc, 7 A",Control Relays,,
2071883-11,"Clip, Relay Retainer",Control Relays,,
2071883-12,"Socket, Relay, Dpdt, 240 Vac, 10 A",Control Relays,,
2082333-51,"Breaker, Circuit",Circuit Protection,,
2082494-1,"Breaker, Circuit, 2 A, Rail Mnt",Circuit Protection,,
2082494-2,"Breaker, Circuit, 6 A, Rail Mnt",Circuit Protection,,
2082494-3,"Breaker, Circuit, 16 A, Rail Mnt",Circuit Protection,,
2082494-4,"Breaker, Circuit, 20 A, Rail Mnt",Circuit Protection,,
2082494-5,"Breaker, Circuit, 40 A, Rail Mnt",Circuit Protection,,
2082494-52,"Endstop, Terminal Block",Circuit Protection,,
2082494-6,"Breaker, Circuit, 63 A, Rail Mnt",Circuit Protection,,
2084019-1,"Resistor, 600 W, +/- 0 %",Passive Components,,
2127397-1,"SWITCH, ETHERNET, MANAGED",Industrial Networking,,
2127397-2,"WIRELESS BRIDGE, *OPT*",Industrial Networking,,
2165031-1,"Contactor, 30 A, 250 V, Dc, Ac",Control Relays,,
2165031-2,"Contactor, 60 A, 250 V, Dc, Ac",Control Relays,,
2165031-3,"Contactor, Dc, Ac",Control Relays,,
2165031-5,"Relay, Timer",Control Relays,,
2186826-7,"Diode, 1200 V, 500 A",Diodes & Suppression,,
2186826-8,"Diode, 1600 V, 500 A",Diodes & Suppression,,
219479-1,Clamp,Cable Management,,
221981-1,"Clamp, Strap, Pipe, Conduit",Cable Management,,
221981-3,"Clamp, Strap, Conduit, Pipe",Cable Management,,
221981-6,"Clamp, Strap, Pipe, Conduit",Cable Management,,
222565-1,"Endplate, Terminal Block",Terminal Blocks & Accessories,,/icons/screw-terminals.svg
2227550-1,"Relay, 24 Vdc, 6 A",Control Relays,,
2271605-1,"TIMER/COUNTER, ENGINE HOUR / START COUNTER",Counters & Timers,,
231490-4,"Panel, Control, Pre-drilled",Panel Hardware,,
232941-1,"Busbar, Ground, 6.496062992126",Grounding & Busbars,,/icons/busbar.svg
232941-110,"BUSBAR, GROUND. 6.5 IN. COPPER",Grounding & Busbars,/busbars/232941-110.png,/icons/busbar.svg
232941-2,"Busbar, Ground, 8.503937007874",Grounding & Busbars,,/icons/busbar.svg
232941-20,"Busbar, Ground, 5.511811023622",Grounding & Busbars,,/icons/busbar.svg
232941-200,"BUSBAR, GROUND, 5.50 IN, COPPER",Grounding & Busbars,/busbars/232941-200.png,/icons/busbar.svg
232941-300,"BUSBAR, GROUND, 8.5 IN, COPPER",Grounding & Busbars,/busbars/232941-300.png,/icons/busbar.svg
233693-1,"Cover, Duct, Wire",Cable Management,,
234361-100,"Box, Electrical",Panel Hardware,,
2367350-3,"Contactor, 26 A, 690 V, Dc, Ac",Control Relays,,
2370723-1,"Breaker, Circuit, 20 A, Rail",Circuit Protection,,
2380746-1,"PUSHBUTTON SWITCH, SMOKE DETECTOR RESET",Operator Controls,,
2380746-10,"PUSHBUTTON SWITCH, MANUAL RELEASE",Operator Controls,,
2380746-2,"SELECTOR SWITCH, SPEED/LOAD",Operator Controls,,
2380746-3,"LIGHTED SWITCH, STOP/STOPPING, RED",Operator Controls,,
2380746-4,"PUSHBUTTON SWITCH, EMERGENCY STOP",Operator Controls,,
2380746-5,"SELECTOR SWITCH, OFF/LOCAL/AUXILIARY",Operator Controls,,
2380746-7,"LIGHT, FIRE SYSTEM AUTO, GREEN",Pilot Lights & Indicators,,
2380746-9,"SELECTOR SWITCH, FIRE SYSTEM AUTO/INHIBIT",Operator Controls,,
2403630-1,"LIGHT, LED, CONSOLE FLUORESCENT, WHITE",Panel Lighting,,
2466149-2,"Cable, Power Supply, Unshielded",Cable Management,,
2504354-1,"Diode, Rectifier, 45 V, 160 A",Diodes & Suppression,,
2524218-500,"Relay, Overvoltage, Spst, 125 A",Control Relays,,
2544733-1,"Cable Tie, 0.185 In W X 14.6 In",Cable Management,,
2553549-1,"Module, Fire System, Power",Control Modules,,
2621311-1,"Lamp, Incandescent, Clear, 4 W, 12",Panel Lighting,,
2621311-10,"Lamp, Led, Yellow, 6 W, 12 Vdc",Panel Lighting,,
2621311-11,"Lamp, Led, Red, 3 W, 12 Vdc",Panel Lighting,,
2621311-4,"Lamp, Led, Yellow, 1 W, 12 Vdc",Panel Lighting,,
2621311-5,"Lamp, Incandescent, Yellow, 4 W",Panel Lighting,,
2621311-6,"Lamp, Led, Yellow, 0.6 W, 12 Vdc",Panel Lighting,,
2621311-7,"Lamp, Led, Red, 0.6 W, 12 Vdc",Panel Lighting,,
2621311-8,"Lamp, Led, Yellow, 12 Vdc",Panel Lighting,,
2639081-1,"Strobe, White",Panel Lighting,,
2651077-1,"TIMER RELAY, BACKUP PUMP^POST LUBE OFF CYCLE",Timing Relays,,
2651077-2,"Relay, Timer, Adjustable, 24 Vdc",Control Relays,,
2651077-3,"TIMER RELAY, WATCHDOG",Timing Relays,,
2662352,140g-h Terminal Lug,Ring Terminals,,/icons/red-lug.svg
2662354,140g-m Terminal Lug,Ring Terminals,,/icons/red-lug.svg
2664025,"140g-j Terminal Lug, Fccu",Ring Terminals,,/icons/red-lug.svg
2664027,"140g-k Terminal Lug, Fccu",Ring Terminals,,/icons/red-lug.svg
2684693-1,"Base, Mount, -40 To 70",Terminal Blocks & Accessories,,/icons/screw-terminals.svg
2684693-12,"Base, Terminal, Screw, -40to 70c",Terminal Blocks & Accessories,,/icons/screw-terminals.svg
2684693-13,"Base, Terminal, Screw, -40to 70c",Terminal Blocks & Accessories,,/icons/screw-terminals.svg
2684693-14,"Base, Terminal, Screw, -40to 70c",Terminal Blocks & Accessories,,/icons/screw-terminals.svg
2684693-16,"Base, Terminal, Screw, -40to 70c",Terminal Blocks & Accessories,,/icons/screw-terminals.svg
2684693-17,5094-TB3XT,Distributed I/O,/devices/2684693-17.png,
2684693-18,"5094-OF8IHXT, 8 ANALOG OUTPUT, ISOLATED",Distributed I/O,/devices/2684693-18.png,
2684693-19,5094-TB3TXT,Distributed I/O,/devices/2684693-19.png,
2684693-2,"Base, Terminal, Screw, -40 To 70c",Terminal Blocks & Accessories,,/icons/screw-terminals.svg
2684693-21,"5094-IRT8SXT, 8 RTD/TC ANALOG INPUT, S",Distributed I/O,,
2684693-22,"5094-AENTRXT, FLEX 5000 I/O",Distributed I/O,/devices/2684693-22.png,
2684693-23,"5094-IB16XT, 16 DISCRETE INPUT",Distributed I/O,/devices/2684693-23.png,
2684693-24,"5094-OB16XT, 16 DISCRETE OUTPUT",Distributed I/O,/devices/2684693-24.png,
2684693-25,"5094-OB8XT, 8 DISCRETE OUTPUT",Distributed I/O,/devices/2684693-25.png,
2684693-26,"Module, Flex, Analog, 8 Inp, Hart",Control Modules,,
2684693-27,"5094-OF8IHXT, 8 ANALOG OUTPUT, ISOLATED",Distributed I/O,/devices/2684693-27.png,
2684693-28,"5094-IB16SXT, 16 DISCRETE INPUT, S",Distributed I/O,,
2684693-29,"Module, Flex, Sfty, Disc, 16 Out",Control Modules,,
2684693-30,"5094-IF4IHSXT, 4 ANALOG INPUT, S",Distributed I/O,,
2684693-31,"Module, Flex, Sfty, Anlg, 4 Out",Control Modules,,
2684693-32,"5094-IJ2ISXT, 2 FAST COUNTER INPUT, S",Distributed I/O,,
2684693-33,"5094-IY8XT, 8 ANALOG INPUT,TC/RTD/I&V",Distributed I/O,/devices/2684693-33.png,
2684693-34,"Module, Flex, Relay, 8 Out",Control Modules,,
2684693-36,"5094-IRT8SXT, 8 RTD/TC ANALOG INPUT, S",Distributed I/O,,
2684693-37,"Endplate, Terminal Block",Terminal Blocks & Accessories,,/icons/screw-terminals.svg
2684693-38,"Block, Terminal, Shield",Terminal Blocks & Accessories,,/icons/screw-terminals.svg
2684693-40,"Cable, Extension, Backplane",Cable Management,,
2684693-41,"Cable, Extension, Backplane",Cable Management,,
2684693-46,"Base, Terminal, Screw, -40to 70c",Terminal Blocks & Accessories,,/icons/screw-terminals.svg
2684693-47,"Base, Terminal, Screw, -40to 70c",Terminal Blocks & Accessories,,/icons/screw-terminals.svg
2684693-48,"Base, Terminal, Spring, -40to 70c",Terminal Blocks & Accessories,,/icons/screw-terminals.svg
2684693-49,"Base, Terminal, Spring, -40to 70c",Terminal Blocks & Accessories,,/icons/screw-terminals.svg
2684693-50,"5094-AEN2TRXT, FLEX 5000 I/O",Distributed I/O,,
2684693-51,"Module, Flex, Discrete, 32 Inp",Control Modules,,
2684693-52,"Module, Flex, Discrete, 32 Out",Control Modules,,
2684693-53,"5094-IJ2IXT, 2 FAST COUNTER INPUT, S",Distributed I/O,,
2684693-55,"5094-OB16SXT, 16 DISCRETE OUTPUT, S",Distributed I/O,/devices/2684693-55.png,
2684693-56,"5094-IF8IHXT, 8 ANALOG INPUT, ISOLATED",Distributed I/O,/devices/2684693-56.png,
2762566-11,"Module, Vib, Dynamic Measurement",Control Modules,,
2762566-12,"Module, Vib, Dynamic Measurement",Control Modules,,
2762566-13,"Module, Vib, Dynamic Measurement",Control Modules,,
2762566-17,"Module, Vib, Relay, Orbit 60",Control Modules,,
2762566-18,"Coupler, Cable",Cable Management,,
2762566-5,"Module, Vib, Power Supply, Orbit",Control Modules,,
2762566-6,"Module, Vib, Management, Orbit 60",Control Modules,,
2762566-7,"Module, Vib, Management, Orbit 60",Control Modules,,
2762566-8,"Module, Vib, Communication, Orbit",Control Modules,,
2762566-9,"Module, Vib, Communication, Orbit",Control Modules,,
2769310-1,"MODULE, DESC-250",Control Modules,,
2769310-4,"MODULE, DESC-250",Control Modules,,
2783664-1,"Tool, Hand Crimping Tool",Unknown,,
2783664-10,"Tool, Removal Tool Socket - 16",Unknown,,
2783664-2,"Tool, 12awg Pin/socket Crimp",Unknown,,
2783664-3,"Tool, 16awg & 18awg Pin/socket",Unknown,,
2783664-4,"Tool, Insertion Tool Pin/socket",Unknown,,
2783664-5,"Tool, Insertion Tool Pin/socket",Unknown,,
2783664-6,"Tool, Insertion Tool Pin/socket",Unknown,,
2783664-7,"Tool, Removal Tool Pin -8, 10",Unknown,,
2783664-8,"Tool, Removal Tool Pin -16, -18",Unknown,,
2783664-9,"Tool, Removal Tool Socket -",Unknown,,
2840193-1,"Panel, Cabinet Door, Cptr Assy",Panel Hardware,,
2867874-1,"Module, Modbus",Control Modules,,
2867874-2,"Module, Modbus Converter",Control Modules,,
2940653-100,"Tool, Beam End Stop",Unknown,,
2940653-200,"Tool, Beam End Stop",Unknown,,
2951712-1,"Router, Controlnet, Ethernet/ip",Industrial Networking,,
2951712-2,"Router, Controlnet, Ethernet/ip",Industrial Networking,,
2951712-3,"Router, Controlnet, Ethernet/ip",Industrial Networking,,
2951712-4,"Router, Controlnet, Ethernet/ip",Industrial Networking,,
2951712-5,"Router, Controlnet, Ethernet/ip",Industrial Networking,,
2951712-6,"Router, Controlnet, Ethernet/ip",Industrial Networking,,
2951712-7,"Router, Controlnet, Ethernet/ip",Industrial Networking,,
2956328-1,"Switch, Ethernet",Industrial Networking,,
2961372-100,"Box Assy, Nema4x, Thermocouple",Signal Conditioning,,
300490-101,"Crank, W/w Ced",Unknown,,
310346-1,"Box, Pull, 3-way",Panel Hardware,,
310354-1,"Box, Pull, 3-way",Panel Hardware,,
310382-1,"Clamp, Strap, Pipe",Cable Management,,
310513-1,"Lug, Lifting, Ancil Equip",Ring Terminals,,/icons/red-lug.svg
310628-1,"Box, Pull, 4-way",Panel Hardware,,
310730-1,"Box, Electrical, Ep",Panel Hardware,,
310798-2,"Clamp, Half, Tube",Cable Management,,
310798-4,"Clamp, Half, Tube",Cable Management,,
32-20001-100,"Panel, Cabinet",Panel Hardware,,
3273888-1,"BLOCK, TERM. AL",Terminal Blocks & Accessories,,/icons/screw-terminals.svg
363016-100,"Clamp, Split Flange, Tube",Cable Management,,
370734-101,"Clamp, Cushion",Cable Management,,
372216-3,"Clamp, Tube",Cable Management,,
372216-4,"Clamp, Tube",Cable Management,,
374189-101,"Clamp, Band",Cable Management,,
374189-102,"Clamp, Band",Cable Management,,
375142-1,"Lug, Lifting, Air Inlet",Ring Terminals,,/icons/red-lug.svg
40003016,Front Ferrule,Wire Ferrules,,/icons/gray-ferrule.svg
40003017,Back Ferrule,Wire Ferrules,,/icons/gray-ferrule.svg
40004698,Back Ferrule,Wire Ferrules,,/icons/gray-ferrule.svg
40004699,Front Ferrule,Wire Ferrules,,/icons/gray-ferrule.svg
600233C1,"Block, Terminal",Terminal Blocks & Accessories,,/icons/screw-terminals.svg
600436C1,"Contactor, 85 A, Dc",Control Relays,,
600437C1,"Contactor, 85 A, Dc",Control Relays,,
600439C1,Resistor,Passive Components,,
600451C1,"Fuse, 63 A, 615 V",Circuit Protection,,
600456C1,"Fuse, 6 A, 500 V",Circuit Protection,,
600457C1,"Fuse, 2.5 A, 380 V",Circuit Protection,,
600465C1,"Isolator, Dc",Signal Conditioning,,
600586C1,"Cable, Vib Probe Ext, 8.5 M",Cable Management,,
600643C1,"Cable, Vib Probe Extension, 4.5m",Cable Management,,
600673C1,Clamp,Cable Management,,
600701C1,"Cover, Terminal",Terminal Blocks & Accessories,,/icons/screw-terminals.svg
600708C1,"Fuse, 40 A, 600 V",Circuit Protection,,
600892C1,"Insert, 0.25-20unc-2b",Panel Hardware,,
601092C1,"Tool, Orifice Removal, Pecc",Unknown,,
601235C1,"Insert, 0.875-14unf-2b X 1.132",Panel Hardware,,
601502C1,"Contactor, 115 A, 400 V, Dc",Control Relays,,
601581C1,"Cable, Velocity Transducer",Cable Management,,
601974C1,"Breaker, Circuit, 125 A",Circuit Protection,,
602055C1,"Breaker, Circuit, 30 A, 480 Vac",Circuit Protection,,
602078C1,"Breaker, Circuit, 15 A, 380 Vac",Circuit Protection,,
602079C1,"Breaker, Circuit, 25 A, 380 Vac",Circuit Protection,,
602315C1,"Lug, Terminal, 2 Awg",Ring Terminals,,/icons/red-lug.svg
603109C1,"Box Assy, Cntrl, Cooler",Panel Hardware,,
603326C1,Relay Assy,Control Relays,,
603442C1,"Contactor, 115 A, 1000 V, Dc",Control Relays,,
603442C2,"Contactor, 116 A, 250 V, Dc, Ac",Control Relays,,
603553C1,"Busbar, Drives, Copper",Grounding & Busbars,,/icons/busbar.svg
603762C1,"Lamp, Fluorescent",Panel Lighting,,
603846C1,"Breaker, Circuit, 15 A, Spst",Circuit Protection,,
603848C1,"Relay, Dpdt",Control Relays,,
603849C1,"Socket, Relay, Dpdt, 12 Vdc",Control Relays,,
603850C1,"Breaker, Circuit, 5 A, Spst",Circuit Protection,,
603851C1,"Breaker, Circuit, 6 A, Spst",Circuit Protection,,
603857C1,"Fuse, 5 A, 125 V",Circuit Protection,,
603880C1,"Tool, Keeper Plate, Valve Spring",Unknown,,
603989C1,"Tool, Extraction Pump",Unknown,,
604026C1,"Relay, Overvoltage, 220 Vac, 460",Control Relays,,
604028C1,"Lamp, Fluorescent, White, 25 W",Panel Lighting,,
604031C1,"Relay, Overvoltage, 3pdt, 120 Vac",Control Relays,,
604081C1,"Stand, Support, Filter",Unknown,,
604405C1,"Cable, Vib Probe Extension, 4.5m",Cable Management,,
604439C1,"Tool, Adapter, Torque Wrench",Unknown,,
604440C1,"Block, Terminal, Screw, 2",Terminal Blocks & Accessories,,/icons/screw-terminals.svg
604563C1,"Relay, Dpdt",Control Relays,,
604613C1,"Block, Terminal, Screw, 6",Terminal Blocks & Accessories,,/icons/screw-terminals.svg
604655C1,"Gasket, Replacement, Cover, Jbox",Panel Hardware,,
604766C1,"Diode, Forward, 1400 V, 175 A",Diodes & Suppression,,
604767C1,"Diode, Reverse, 1400 V, 175 A",Diodes & Suppression,,
604784C1,"Relay, 254 Vac, 8 A",Control Relays,,
604930C1,"Module, Fire System, Dcio",Control Modules,,
604931C1,"Control Station, Fire",Control Modules,,
604940C1,"Strobe W/horn, Red",Panel Lighting,,
604941C1,"Module, Fire System, Controller",Control Modules,,
604960C1,"Contactor, 230 V, Ac",Control Relays,,
604983C1,"Relay, 220 Vac, 8 A",Control Relays,,
604984C1,"Breaker, Circuit, 10 A, Spst",Circuit Protection,,
604985C1,"Breaker, Circuit, 6 A, Spst",Circuit Protection,,
605181C1,"Contactor, 690 A, 60 V, Dc",Control Relays,,
605184C1,Modem,Industrial Networking,,
605188C1,"Breaker, Circuit, 2 A, Spst, Screw",Circuit Protection,,
605189C1,"Breaker, Circuit, 10 A, Dpdt",Circuit Protection,,
605192C1,"Fuse, 1250 A, 660 V",Circuit Protection,,
605194C1,"Contactor, 50 A, 400 V",Control Relays,,
605195C1,"Breaker, Circuit, 4 A, Spst, Screw",Circuit Protection,,
605208C1,"Isolator, Earthing Isolator",Signal Conditioning,,
605232C1,"Relay Assy, Spst, 28 Vdc, 30 A",Control Relays,,
605235C1,"Diode, Power, Clamping, 6000 V",Diodes & Suppression,,
605239C1,"Panel, Elec Conn, Ndpi-02",Panel Hardware,,
605244C1,"Resistor, 40 W, 22 Ohm, +/- 10 %",Passive Components,,
605245C1,"Resistor, 200 W, 40000 Ohm, +/- 5",Passive Components,,
605249C1,"Breaker, Circuit, 4 A, Spst, Rail",Circuit Protection,,
605254C1,"Lamp, Led, Clear",Panel Lighting,,
605265C1,"Breaker, Circuit, 25 A, 3pst",Circuit Protection,,
605266C1,"Contactor, 45 A, 60 V",Control Relays,,
605268C1,"Relay Assy, Spdt, 24 Vdc, 10 A",Control Relays,,
605332C1,"Panel, Control, Solid",Panel Hardware,,
605381C1,"Breaker, Circuit, 6 A, 3pst, Rail",Circuit Protection,,
605382C1,"Breaker, Circuit, 6 A, Spst, Rail",Circuit Protection,,
605383C1,"Contactor, 6 A",Control Relays,,
605385C1,"Lug, Terminal, 1/0 Awg",Ring Terminals,,/icons/red-lug.svg
605472C1,"Fuse, 2 A, 1200 V",Circuit Protection,,
605478C1,"Cable, Fiber Optic, 5.6 M",Cable Management,,
605481C1,"Fuse, 700 A, 1000 V",Circuit Protection,,
605482C1,"Cable, Fiber Optic, 3.33 Ft, 1.02",Cable Management,,
605485C1,"Switch, Ethernet",Industrial Networking,,
605512C1,"Contactor, 60 A, 120 V, Mech",Control Relays,,
605513C1,"Fuse, 0.5 A, 250 V",Circuit Protection,,
605542C1,"Panel, Control",Panel Hardware,,
605557C1,"Cover, Light, Flange Red",Panel Lighting,,
605565C1,"Cable Assy, Hmi",Cable Management,,
605591C1,"Breaker, Circuit, 13 A",Circuit Protection,,
605592C1,"Breaker, Circuit, 3 A",Circuit Protection,,
605593C1,Terminal,Terminal Blocks & Accessories,,/icons/screw-terminals.svg
605595C1,"Breaker, Circuit, 10 A",Circuit Protection,,
605666C1,"Box, Junction, Nema4x, Rect",Panel Hardware,,
605684C1,"Cover, Box",Panel Hardware,,
605725C1,Relay,Control Relays,,
605726C1,"Socket, Relay",Control Relays,,
605732C1,"Module, Relay Output",Control Modules,,
605735C1,"Diode, Scr, Forward",Diodes & Suppression,,
605760C1,"Fuse, 5 A, 690 V",Circuit Protection,,
605764C1,"Relay, Phase Seq",Control Relays,,
605811C1,"Relay, Ph Seq, 3pdt, 690 Vac",Control Relays,,
605813C1,"Resistor, 13.39 Ohm, +/- 0 %",Passive Components,,
605816C1,"Resistor, 12500 Ohm, +/- 0 %",Passive Components,,
605940C1,"Block, Terminal, Screw, 6",Terminal Blocks & Accessories,,/icons/screw-terminals.svg
606061C1,Insert,Panel Hardware,,
606069C1,"Block, Terminal",Terminal Blocks & Accessories,,/icons/screw-terminals.svg
606070C1,"Box, Junction, Nema4x, Ep, Round",Panel Hardware,,
606126C1,"Resistor, 12.27 Ohm, +/- 0 %",Passive Components,,
606137C1,Relay Assy,Control Relays,,
606296C1,"Relay, Freq",Control Relays,,
606716C1,"Block, Terminal, Screw, 6",Terminal Blocks & Accessories,,/icons/screw-terminals.svg
68-45003-59692,"Tool, Turbine Removal Assy",Unknown,,
70-30125-1,"Pull Station, Manual, Brk Glass",Panel Hardware,,
70-30171-1,"Gun, Caulking",Unknown,,
70-31019-101,"Control Station, Fire",Control Modules,,
70-31019-103,"Control Station, Fire",Control Modules,,
70-31200-100,"Control Station, Fire",Control Modules,,
70-31200-102,"Control Station, Fire",Control Modules,,
70-31200-103,"Control Station, Fire",Control Modules,,
70-31200-104,"Control Station, Fire",Control Modules,,
700019C1,"Box, Pull, 5-way",Panel Hardware,,
700020C1,"Box, Pull, 5-way",Panel Hardware,,
700209C1,"Box, Pull, 2-way",Panel Hardware,,
700245C1,"Ferrule, Insul Sgl, 14 Awg",Wire Ferrules,,/icons/gray-ferrule.svg
700250C1,"FERRULE, CERAMIC",Wire Ferrules,,/icons/gray-ferrule.svg
700326C1,"Screwdriver, Wago #1 Blade",Unknown,,
700327C1,"Screwdriver, Wago #2 Blade",Unknown,,
700328C1,"Screwdriver, Wago #3 Blade",Unknown,,
700329C1,Screwdriver Wago Angled Blade,Unknown,,
700361C1,"Box, Electrical, Nema4",Panel Hardware,,
700572C1,"Fixture, Light, 30 V, 6 W, 1-lamp",Panel Lighting,,
700643C1,"Wire, 2 Awg, Grn-ylw",Cable Management,,
700769C1,"BLOCK, TERMINAL, SCREW",Terminal Blocks & Accessories,,/icons/screw-terminals.svg
700894C1,"Cable, Thermocouple, Type- K, 16",Cable Management,,
701172C1,"Panel, Box",Panel Hardware,,
701361C1,HIGH RAIL,DIN Rail & Mounting,,
701387C1,"Insert, 6-32unc-2b",Panel Hardware,,
701517C1,"Block, Terminal, Screw, 3 -16 Awg",Terminal Blocks & Accessories,,/icons/screw-terminals.svg
701538C1,"Box, Pull, 3-way",Panel Hardware,,
701767C1,"Box, Pull, 3-way",Panel Hardware,,
701979C1,"Screwdrvr, Strt Blade, Shrt, Wago",Unknown,,
840290010,An5548-1 Term. Lug,Ring Terminals,,/icons/red-lug.svg
840290035,An5548-3 Terminal Lug,Ring Terminals,,/icons/red-lug.svg
902210C1,"Panel, Control, Pre-drilled",Panel Hardware,,
903157C1,"Clamp, Split Flange, Hose, Pipe",Cable Management,,
903346C1,"Insert, 0.375-16unc-2b X 0.57",Panel Hardware,,
903355C2,"Box, Pull, 3-way",Panel Hardware,,
903356C2,"Box, Pull, 3-way",Panel Hardware,,
903359C2,"Box, Pull, 4-way",Panel Hardware,,
903425C2,"Box, Pull, 3-way",Panel Hardware,,
903445C1,"Lug, Terminal, 4/0 Awg, 2/0 Awg",Ring Terminals,,/icons/red-lug.svg
903464C1,"Insert, 0.25-28unjf-3b X 0.330",Panel Hardware,,
903476C2,"Clamp, Band, V, Hose",Cable Management,,
903477C1,"Clamp, Band, Hose",Cable Management,,
903572C1,"Insert, 0.25-28unf-3b X 0.38 In",Panel Hardware,,
903600C1,Insert,Panel Hardware,,
903755C2,"Box, Pull, 4-way",Panel Hardware,,
903832C1,"Lug, Terminal, Ring, 18 Awg, 22",Ring Terminals,,/icons/red-lug.svg
903833C1,"LUG, TERMINAL, RING, 18 AWG, 22",Ring Terminals,,/icons/red-lug.svg
903834C1,"LUG, TERMINAL, RING, 22 AWG, 18",Ring Terminals,,/icons/red-lug.svg
903841C1,"TERMINAL, RING -16GA",Ring Terminals,,/icons/red-lug.svg
903842C1,"LUG, TERMINAL, RING, 14 AWG, 16",Ring Terminals,,/icons/red-lug.svg
903843C1,"Lug, Terminal, Ring, 14 Awg, 16",Ring Terminals,,/icons/red-lug.svg
903844C1,"Lug, Terminal, Ring, 16 Awg",Ring Terminals,,/icons/red-lug.svg
903849C1,"RAIL GROUND, DIN RAIL GROUNDING",Grounding & Busbars,,/icons/busbar.svg
903850C1,"Lug, Terminal, Ring, 10 Awg",Ring Terminals,,/icons/red-lug.svg
903851C1,"LUG, TERMINAL, RING, 12 AWG, 10",Ring Terminals,,/icons/red-lug.svg
903853C1,"LUG, TERMINAL, RING, 10 AWG, 12",Ring Terminals,,/icons/red-lug.svg
903856C1,"LUG, TERMINAL, RING, 8 AWG",Ring Terminals,,/icons/red-lug.svg
903858C1,"Lug, Terminal, Ring, 8 Awg",Ring Terminals,,/icons/red-lug.svg
903859C1,"LUG, TERMINAL, RING, 8 AWG",Ring Terminals,,/icons/red-lug.svg
903860C1,"Lug, Terminal, Ring, 8 Awg",Ring Terminals,,/icons/red-lug.svg
903861C1,"Lug, Terminal, Ring, 8 Awg",Ring Terminals,,/icons/red-lug.svg
903867C1,"Lug, Terminal, Ring, 4 Awg",Ring Terminals,,/icons/red-lug.svg
903869C1,"Lug, Terminal, Ring, 4 Awg",Ring Terminals,,/icons/red-lug.svg
903877C1,"Lug, Terminal, Splice, 18 Awg, 22",Ring Terminals,,/icons/red-lug.svg
903879C1,"Lug, Terminal, Splice, 10 Awg, 12",Ring Terminals,,/icons/red-lug.svg
903957C1,"Lug, Terminal, 14 Awg, 16 Awg",Ring Terminals,,/icons/red-lug.svg
903968C1,"Lug, Terminal",Ring Terminals,,/icons/red-lug.svg
903969C1,"Lug, Terminal",Ring Terminals,,/icons/red-lug.svg
903972C1,"Lug, Terminal, 22 Awg, 18 Awg",Ring Terminals,,/icons/red-lug.svg
904260C1,"Diode, Rectifier",Diodes & Suppression,,
905168C2,Clamp,Cable Management,,
907269C1,"Cable, Ignition, 32 In",Cable Management,,
908019C1,Terminal Lug,Ring Terminals,,/icons/red-lug.svg
908020C1,"Lug, Terminal",Ring Terminals,,/icons/red-lug.svg
908021C1,Term Lug Chr,Ring Terminals,,/icons/red-lug.svg
908023C1,"Fuse, 5.0 A, 250 V",Circuit Protection,,
908102C2,"Box, Pull, 2-way",Panel Hardware,,
908106C1,"Insert, 10-32unf-3b X 0.29 In",Panel Hardware,,
908234C1,"Resistor, 20 W, 150 Ohm, 5",Passive Components,,
908259C1,"Lug, Terminal, Ring",Ring Terminals,,/icons/red-lug.svg
908326C1,"Insert, 0.312-18unc-3b X 0.47",Panel Hardware,,
908356C1,"Resistor, +/-5 %",Passive Components,,
908410C2,"Box, Pull, 3-way",Panel Hardware,,
908432C2,"Box, Pull, 3-way",Panel Hardware,,
908447C1,"Nut Plate, 1 Lug, Float",Ring Terminals,,/icons/red-lug.svg
908463C1,"Clamp, Cushion, Loop, Tube",Cable Management,,
908488C1,"Clamp, Cable",Cable Management,,
908493C1,"Nut Plate, 2 Lug, Float",Ring Terminals,,/icons/red-lug.svg
908518C1,"Insert, 0.375-16unc-2b X 0.56",Panel Hardware,,
908521C1,"Insert, 0.25-20unc-3b X 0.38 In",Panel Hardware,,
908532C2,"Box, Pull, 2-way",Panel Hardware,,
908533C2,"Box, Pull, 3-way",Panel Hardware,,
908541C1,"Insert, 0.50-13unc-3b X 0.75 In",Panel Hardware,,
908543C1,"Insert, 10-24unc-3b X 0.30 In",Panel Hardware,,
908547C1,"Enps-terminal Ring, Lug Ring 2",Ring Terminals,,/icons/red-lug.svg
908552C2,"Box, Pull, 3-way",Panel Hardware,,
908553C2,"Box, Pull, 2-way",Panel Hardware,,
908579C1-900,"Diode, Rectifier",Diodes & Suppression,,
908588C1,"Insert, 0.375-24unf-3b X 0.56",Panel Hardware,,
908606C2,"Box, Pull, 3-way",Panel Hardware,,
908617C2,"Marker, Terminal Block",Terminal Blocks & Accessories,,/icons/screw-terminals.svg
908619C1,"Insert, 0.312-18unc-3b X 0.47",Panel Hardware,,
908697C2,"Box, Pull, 3-way",Panel Hardware,,
908703C1,"LUG, TERMINAL, FORK, 16 AWG",Fork Terminals,,/icons/red-fork.svg
908849C1,"Resistor, +/-5%",Passive Components,,
908864C1,"Insert, 0.75-10unc-2b X 1.125",Panel Hardware,,
909113C1,Clamp,Cable Management,,
912072C2,"Box, Pull, 4-way",Panel Hardware,,
912086C1,"Insert, 8-32unc-3b X 0.25 In",Panel Hardware,,
912118C2,"Marker, Terminal Block",Terminal Blocks & Accessories,,/icons/screw-terminals.svg
912128C1,"Insert, 0.375-24unjf-3b X 0.620",Panel Hardware,,
912137C1,"RESISTOR, 10K OHM",Passive Components,,
912325C1,"Lug, Terminal, Spade",Ring Terminals,,/icons/red-lug.svg
912326C1,"Lug, Terminal, Spade",Ring Terminals,,/icons/red-lug.svg
912387C2,"Box, Pull, 2-way",Panel Hardware,,
912404C1,"Resistor, 0.125 W, 221 Ohm, 1",Passive Components,,
912406C2,"Box, Pull, 3-way",Panel Hardware,,
912505C2,"Box, Pull, 4-way",Panel Hardware,,
912556C1,Insert X 0.375 In,Panel Hardware,,
912672C1,"Resistor, 0.25 W, 6810 Ohm, 1",Passive Components,,
912771C2,"Marker, Terminal Block",Terminal Blocks & Accessories,,/icons/screw-terminals.svg
912780C2,"Box, Pull, 4-way",Panel Hardware,,
912800C1,"LUG, TERMINAL, FORK, 18 AWG, 22",Fork Terminals,,/icons/red-fork.svg
912801C1,"LUG, TERMINAL, FORK, 18 AWG, 22",Fork Terminals,,/icons/red-fork.svg
912802C1,"Lug, Terminal, Fork, 22 Awg, 18",Ring Terminals,,/icons/red-lug.svg
912803C1,"LUG, TERMINAL, FORK, 14 AWG, 16",Fork Terminals,,/icons/red-fork.svg
912805C1,"LUG, TERMINAL, FORK, 16 AWG",Fork Terminals,,/icons/red-fork.svg
912806C1,"Lug, Terminal, Fork, 10 Awg, 12",Ring Terminals,,/icons/red-lug.svg
912807C1,"Lug, Terminal, Fork, 12 Awg, 10",Ring Terminals,,/icons/red-lug.svg
912955C1,"Lug, Terminal, Spade, 12 Awg, 10",Ring Terminals,,/icons/red-lug.svg
913158C1,"Clamp, V, Band",Cable Management,,
915117C1,Insert X 0.246 In,Panel Hardware,,
915559C1,"Nut Plate, Float, 2 Lug",Ring Terminals,,/icons/red-lug.svg
915823C1,"Resistor, 10 W, 182 Ohm, 1%",Passive Components,,
915908C1,"Lamp, Incandescent, White, 24 Vdc",Panel Lighting,,
917198C1,"Cable, Shielded, Triad",Cable Management,,
917200C1,"Cable, Shielded, Pair",Cable Management,,
917205C2,"Cable, Thermocouple, Type- K, 16",Cable Management,,
918066C2,"Box, Pull, 2-way",Panel Hardware,,
918133C2,"Box, Pull, 2-way",Panel Hardware,,
918139C1,"Relay, 3pst, 28 Vdc, 25 A",Control Relays,,
918151C1,"Clamp, Loop, Cushion, Tube",Cable Management,,
918258C1,"Box, Electrical, Nema4x, Nema4",Panel Hardware,,
918597C1,"Lug, Terminal, Spade, 22 Awg, 18",Ring Terminals,,/icons/red-lug.svg
918641C1,"Insert, 0.312-18unc-2b X 0.312",Panel Hardware,,
918694C2,"Marker, Terminal Block",Terminal Blocks & Accessories,,/icons/screw-terminals.svg
918814C2,"Box, Pull, 4-way",Panel Hardware,,
918837C1,"Resistor, 0.25 W, 2740 Ohm, 1",Passive Components,,
918882C2,"Box, Pull, 4-way",Panel Hardware,,
945107C92,"Box Assy, Ep, Exciter",Panel Hardware,,
947363C6,"Box, Electrical, Ep",Panel Hardware,,
949684C1,Insert X 0.635 In,Panel Hardware,,
950041C1,"Clamp, Split Flange, Pipe",Cable Management,,
950329C1,"Ferrule, Tube, Back, 0.38",Wire Ferrules,,/icons/gray-ferrule.svg
950330C1,"Ferrule, Tube, Front, 0.38",Wire Ferrules,,/icons/gray-ferrule.svg
950362C1,"Ferrule, Tube, Front, 0.25",Wire Ferrules,,/icons/gray-ferrule.svg
950363C1,"Ferrule, Tube, Back, 0.25",Wire Ferrules,,/icons/gray-ferrule.svg
950541C1,"Insert, 0.25-28unc-3b X 0.375",Panel Hardware,,
951464C2,Insert,Panel Hardware,,
951483C1,"Clamp, Loop, Pipe",Cable Management,,
951804C1,"Clamp, Half, Hose",Cable Management,,
952011C1,Back Ferrule .500 Flareless Ss,Wire Ferrules,,/icons/gray-ferrule.svg
952012C1,"Ferrule, Tube, Front, 0.50",Wire Ferrules,,/icons/gray-ferrule.svg
952037C1,"Insert, 0.312-24unf-2b X 0.560",Panel Hardware,,
952264C1,"Box, Pull, 2-way",Panel Hardware,,
952376C1,"Box, Electrical, Nema4",Panel Hardware,,
952575C1,"Breaker, Circuit, 60 A, Spdt, Spst",Circuit Protection,,
952622C1,"Block, Terminal, Screw, 8",Terminal Blocks & Accessories,,/icons/screw-terminals.svg
952867C1,"Marker, Terminal Block",Terminal Blocks & Accessories,,/icons/screw-terminals.svg
953392C1,"Lug, Terminal, Ring, 4 Awg",Ring Terminals,,/icons/red-lug.svg
953697C1,"Lug, Terminal, Ring, 2 Awg",Ring Terminals,,/icons/red-lug.svg
953850C1,"Nut Plate, Self-lock, 2 Lug",Ring Terminals,,/icons/red-lug.svg
954321C1,"Contactor, 400 A, Dc",Control Relays,,
955055C1,"Lamp, Incandescent, Green, 28 Vdc",Panel Lighting,,
955188C1,"Socket, Connector Elect  Sst",Unknown,,
956606C2,"Box, Pull, 3-way",Panel Hardware,,
956913C1,"Clamp, Cushion, Tube",Cable Management,,
957154C1,"Panel, Box",Panel Hardware,,
957952C1,"Lamp, Incandescent, Clear, 1.0 W",Panel Lighting,,
960277C1,"Ferrule, Tube, Back, 0.50",Wire Ferrules,,/icons/gray-ferrule.svg
960278C1,"Ferrule, Tube, Front, 0.75",Wire Ferrules,,/icons/gray-ferrule.svg
960592C1,"DIODE, 15 pF",Diodes & Suppression,,
960836C1,"Ferrule, Tube, Front, 1.0",Wire Ferrules,,/icons/gray-ferrule.svg
960837C1,"Ferrule, Tube, Back, 0.75",Wire Ferrules,,/icons/gray-ferrule.svg
963411C1,"Marker, Terminal Block",Terminal Blocks & Accessories,,/icons/screw-terminals.svg
963511C1,"Holder, Fuse, 300 V",Circuit Protection,,
964052C1,LOW RAIL,DIN Rail & Mounting,,
964369C1,"Block, Terminal, 4 Conductors, 16",Terminal Blocks & Accessories,,/icons/screw-terminals.svg
964371C1,"Marker, Terminal Block",Terminal Blocks & Accessories,,/icons/screw-terminals.svg
964406C1,"Box, Electrical, Nema4",Panel Hardware,,
964425C1,"Marker, Terminal Block, 41-50",Terminal Blocks & Accessories,,/icons/screw-terminals.svg
964448C1,"Block, Terminal, 3 Conductors, 12",Terminal Blocks & Accessories,,/icons/screw-terminals.svg
964449C1,"Block, Terminal Conductors, 14",Terminal Blocks & Accessories,,/icons/screw-terminals.svg
964789C1,"Sleeve, Protective, Expanding",Cable Management,,
964850C1,"Block, Terminal, 3 Conductors, 12",Terminal Blocks & Accessories,,/icons/screw-terminals.svg
964914C1,"Box, Electrical, Nema4",Panel Hardware,,
964975C1,"Jumper, Terminal Block",Terminal Blocks & Accessories,,/icons/screw-terminals.svg
965414C1,"Box, Electrical, Nema4",Panel Hardware,,
965655C1,"Ferrule Back, 1.o Tube",Wire Ferrules,,/icons/gray-ferrule.svg
967069C1,"Marker, Terminal Block",Terminal Blocks & Accessories,,/icons/screw-terminals.svg
967213C1,"Wire, 8 Awg, Grn-ylw",Cable Management,,
967581C1,"Ferrule, Ceramic",Wire Ferrules,,/icons/gray-ferrule.svg
967596C1,"Lamp, Incandescent, Clear, 1.0 W",Panel Lighting,,
967649C1,"Box, Electrical",Panel Hardware,,
967670C1,"Connector, Wire, Twist On Nut",Cable Management,,
967738C1,"Ferrule, Tube, Front, Back, 0.50",Wire Ferrules,,/icons/gray-ferrule.svg
969654C1,"FERRULE, INSUL SGL, 18 AWG, 0.75",Wire Ferrules,,/icons/gray-ferrule.svg
969655C1,FERRULE,Wire Ferrules,,/icons/gray-ferrule.svg
969656C1,"FERRULE, INSUL SGL, 18 AWG",Wire Ferrules,,/icons/gray-ferrule.svg
969657C1,"Ferrule, Insul Sgl, 16 Awg",Wire Ferrules,,/icons/gray-ferrule.svg
969658C1,"FERRULE, INSUL SGL, 12 AWG",Wire Ferrules,,/icons/gray-ferrule.svg
969659C1,"Ferrule, Insul Sgl, 12 Awg",Wire Ferrules,,/icons/gray-ferrule.svg
969739C1,"Panel, Box",Panel Hardware,,
969787C1,"SHUNT, 50 MV,20 A",Measurement & Shunts,,
969850C1,Diode,Diodes & Suppression,,
969996C1,"Lamp, Incandescent, Clear, 40 W",Panel Lighting,,
970200C1,"Box, Electrical, Nema4",Panel Hardware,,
970246C1,"Box, Electrical, Nema4",Panel Hardware,,
970249C1,"Insert, 6-32unc-2b X 0.450 In",Panel Hardware,,
970250C1,"Insert, 8-32unc-2b X 0.450 In",Panel Hardware,,
970415C1,"Wrap, Spiral",Cable Management,,
970440C1,"Clamp, Cushion, Tube",Cable Management,,
970447C1,"Clamp, Cushion, Pipe",Cable Management,,
970450C1,"Clamp, Cushion, Pipe",Cable Management,,
970451C1,"Clamp, Cushion, Pipe",Cable Management,,
970725C1,"Resistor, 1 W, 250 Ohm, 0.1%",Passive Components,,
970757C1,"Ferrule, Insul Sgl, 14 Awg",Wire Ferrules,,/icons/gray-ferrule.svg
970785C1,"Lamp, Incandescent, Clear, 10 W",Panel Lighting,,
970917C1,"Box, Electrical, Nema4, Nema4x",Panel Hardware,,
980363C1,"Clamp, Cushion, Pipe",Cable Management,,
980656C1,"Clamp, Split Flange, Hose, Pipe",Cable Management,,
980666C1,"Panel, Box",Panel Hardware,,
980833C1,"Box, Pull, 2-way",Panel Hardware,,
981022C1,"Lug Ring, 1-2 Gage, 1/2 '' Hol",Ring Terminals,,/icons/red-lug.svg
981070C1,"Box, Electrical, Nema4x, Nema4",Panel Hardware,,
981089C1,"RESISTOR, 1.0K OHM",Passive Components,,
981090C1,"RESISTOR, 3.01K OHM",Passive Components,,
981120C1,"FERRULE, INSUL SGL, 10 AWG, 6 MM",Wire Ferrules,,/icons/gray-ferrule.svg
981121C1,"FERRULE, INSUL SGL, 8 AWG",Wire Ferrules,,/icons/gray-ferrule.svg
981305C1,"Box, Pull, 2-way",Panel Hardware,,
990443C1,"Fuse, 3.0 A",Circuit Protection,,
990914C1,"Breaker, Circuit, 30 A",Circuit Protection,,
990932C1,"Fuse, 20 A, 250 V",Circuit Protection,,
991054C1,Relay,Control Relays,,
991790C1,"Diode, Scr",Diodes & Suppression,,
992564C1,"Clamp, V",Cable Management,,
993144C1,"Crank, Element Removal, Weld Nut",Unknown,,
993426C1,"Crank, Element Removal",Unknown,,
993578C1,"Resistor, 300 W, 0.75 Ohm",Passive Components,,
994193C1,"Cable, Vib Probe Extension, 4.5m",Cable Management,,
994490C1,"Breaker, Circuit, 20 A, 480 Vac",Circuit Protection,,
994803C1,"Lamp, Fluorescent",Panel Lighting,,
995650C1,"Wire, Safety, 0.047 In, 302/304",Cable Management,,
997342C1,"Fuse, 4 A, 600 V",Circuit Protection,,
997416C1,"Cable, Vib Probe Extension",Cable Management,,
997858C1,"Crank, Element Removal, Q-nut",Unknown,,
997967C1,"Cable, Extension",Cable Management,,
998176C1,"Contactor, 110 A, Dc",Control Relays,,
998215C1,"Ballast, Emergency, Lamp, Hid",Panel Lighting,,
999225C1,"Box, Pull",Panel Hardware,,
999326C1,"Fuse, 100 A, 250 V",Circuit Protection,,
999523C1,"Tool, Insertion, Nut",Unknown,,
999549C1,"Fuse, 50 A, 600 V",Circuit Protection,,
999969C1,"Crank, Element Removal, Q-nut",Unknown,,
FT30635-101,"Tool, Alignment, Mars, Ctrg Screw",Unknown,,
FT33089-100,"Wrench, Cordless Hydraulic Assy",Unknown,,
FT33089-101,"Wrench, Cordless Hydraulic Assy",Unknown,,
FT34004,"Tool, Starter Install Aid",Unknown,,
FT34004-100,"Tool, Starter Installation Aid",Unknown,,
FT34495-100,"Tool, 3-point Lift, Engine/pt",Unknown,,
